2025-05-21 18:32:28,20,23.78,24.5924,22.9674,8,55,37.8,100
2025-05-21 18:32:29,20,23.741,24.548,22.9346,8,55,37.8,100
2025-05-21 18:32:29,20,23.74,24.5228,22.9571,8,55,37.8,100
2025-05-21 18:32:29,20,23.748,24.5383,22.9571,8,55,37.8,100
2025-05-21 18:32:30,20,23.728,24.5331,22.9227,8,55,37.8,100
2025-05-21 18:32:30,20,23.74,24.5475,22.9333,8,55,37.8,100
2025-05-21 18:32:30,20,23.725,24.5365,22.9127,8,55,37.8,100
2025-05-21 18:32:30,20,23.726,24.5257,22.9273,8,55,37.8,100
2025-05-21 18:32:31,20,23.736,24.5413,22.9313,8,55,37.8,100
2025-05-21 18:32:31,20,23.728,24.5282,22.9268,8,55,37.8,100
2025-05-21 18:32:31,20,23.712,24.4868,22.9375,8,55,37.8,100
2025-05-21 18:32:32,20,23.709,24.506,22.913,8,55,37.8,100
2025-05-21 18:32:32,20,23.751,24.5581,22.9435,8,55,37.8,100
2025-05-21 18:32:32,20,23.728,24.5282,22.9276,8,55,37.8,100
2025-05-21 18:32:33,20,23.727,24.5106,22.9444,8,55,37.8,100
2025-05-21 18:32:33,20,23.729,24.5225,22.9363,8,55,37.8,100
2025-05-21 18:32:33,20,23.726,24.5347,22.9167,8,55,37.8,100
2025-05-21 18:32:34,20,23.699,24.4714,22.9276,8,55,37.8,100
2025-05-21 18:32:34,20,23.717,24.49,22.9437,8,55,37.8,100
2025-05-21 18:32:34,20,23.746,24.5538,22.9384,8,55,37.8,100
2025-05-21 18:32:34,20,23.736,24.5283,22.9447,8,55,37.8,100
2025-05-21 18:32:35,20,23.723,24.4966,22.9504,8,55,37.8,100
2025-05-21 18:32:35,20,23.728,24.5342,22.9209,8,55,37.8,100
2025-05-21 18:32:35,20,23.723,24.5013,22.945,8,55,37.8,100
2025-05-21 18:32:36,20,23.714,24.5016,22.9269,8,55,37.8,100
2025-05-21 18:32:36,20,23.734,24.5327,22.9343,8,55,37.8,100
2025-05-21 18:32:36,20,23.735,24.546,22.9239,8,55,37.8,100
2025-05-21 18:32:37,20,23.716,24.5311,22.9013,8,55,37.8,100
2025-05-21 18:32:37,20,23.734,24.5243,22.9434,8,55,37.8,100
2025-05-21 18:32:37,20,23.738,24.5645,22.9119,8,55,37.8,100
2025-05-21 18:32:37,20,23.719,24.5122,22.9261,8,55,37.8,100
2025-05-21 18:32:38,20,23.722,24.5273,22.9171,8,55,37.8,100
2025-05-21 18:32:38,20,23.716,24.5212,22.9109,8,55,37.8,100
2025-05-21 18:32:38,20,23.719,24.5036,22.9345,8,55,37.8,100
2025-05-21 18:32:39,20,23.74,24.5439,22.9364,8,55,37.8,100
2025-05-21 18:32:39,20,23.699,24.4838,22.9133,8,55,37.8,100
2025-05-21 18:32:39,20,23.744,24.5449,22.9437,8,55,37.8,100
2025-05-21 18:32:40,20,23.705,24.5287,22.8811,8,55,37.8,100
2025-05-21 18:32:40,20,23.733,24.532,22.9347,8,55,37.8,100
2025-05-21 18:32:40,20,23.739,24.5515,22.9268,8,55,37.8,100
2025-05-21 18:32:41,20,23.725,24.5196,22.9298,8,55,37.8,100
2025-05-21 18:32:41,20,23.708,24.5063,22.9106,8,55,37.8,100
2025-05-21 18:32:41,20,23.723,24.522,22.9238,8,55,37.8,100
2025-05-21 18:32:41,20,23.705,24.4889,22.9215,8,55,37.8,100
2025-05-21 18:32:42,20,23.722,24.5158,22.9276,8,55,37.8,100
2025-05-21 18:32:42,20,23.725,24.5257,22.925,8,55,37.8,100
2025-05-21 18:32:42,20,23.715,24.5191,22.9112,8,55,37.8,100
2025-05-21 18:32:43,20,23.707,24.494,22.9202,8,55,37.8,100
2025-05-21 18:32:43,20,23.728,24.5402,22.9164,8,55,37.8,100
2025-05-21 18:32:43,20,23.728,24.526,22.929,8,55,37.8,100
2025-05-21 18:32:44,20,23.733,24.5262,22.9399,8,55,37.8,100
2025-05-21 18:32:44,20,23.723,24.5336,22.9119,8,55,37.8,100
2025-05-21 18:32:44,20,23.695,24.4704,22.9197,8,55,37.8,100
2025-05-21 18:32:45,20,23.712,24.5041,22.9205,8,55,37.8,100
2025-05-21 18:32:45,20,23.713,24.5146,22.9121,8,55,37.8,100
2025-05-21 18:32:45,20,23.719,24.5363,22.9022,8,55,37.8,100
2025-05-21 18:32:45,20,23.718,24.5118,22.9242,8,55,37.8,100
2025-05-21 18:32:46,20,23.723,24.5074,22.9387,8,55,37.8,100
2025-05-21 18:32:46,20,23.723,24.5086,22.9377,8,55,37.8,100
2025-05-21 18:32:46,20,23.721,24.5258,22.9169,8,55,37.8,100
2025-05-21 18:32:47,20,23.718,24.5102,22.9258,8,55,37.8,100
2025-05-21 18:32:47,20,23.715,24.5208,22.9089,8,55,37.8,100
2025-05-21 18:32:47,20,23.713,24.5035,22.9225,8,55,37.8,100
2025-05-21 18:32:48,20,23.73,24.5472,22.9129,8,55,37.8,100
2025-05-21 18:32:48,20,23.741,24.5603,22.9214,8,55,37.8,100
2025-05-21 18:32:48,47.2,23.74,24.5331,22.9472,8,55,37.8,100
2025-05-21 18:32:49,47.2,23.706,24.483,22.9292,8,55,37.8,100
2025-05-21 18:32:49,47.2,23.725,24.5144,22.9353,8,55,37.8,100
2025-05-21 18:32:49,47.2,23.71,24.4992,22.9211,8,55,37.8,100
2025-05-21 18:32:50,47.2,23.713,24.5156,22.9108,8,55,37.8,100
2025-05-21 18:32:50,47.2,23.74,24.5419,22.9377,8,55,37.8,100
2025-05-21 18:32:50,47.2,23.724,24.5337,22.9136,8,55,37.8,100
2025-05-21 18:32:51,47.2,23.72,24.4979,22.9411,8,55,37.8,100
2025-05-21 18:32:51,47.2,23.719,24.5135,22.9251,8,55,37.8,100
2025-05-21 18:32:51,47.2,23.718,24.5078,22.9283,8,55,37.8,100
2025-05-21 18:32:52,47.2,23.732,24.5427,22.922,8,55,37.8,100
2025-05-21 18:32:52,47.2,23.709,24.5038,22.915,8,55,37.8,100
2025-05-21 18:32:52,47.2,23.722,24.5347,22.9089,8,55,37.8,100
2025-05-21 18:32:52,47.2,23.716,24.514,22.918,8,55,37.8,100
2025-05-21 18:32:53,47.2,23.718,24.5304,22.9062,8,55,37.8,100
2025-05-21 18:32:53,47.2,23.697,24.4681,22.9252,8,55,37.8,100
2025-05-21 18:32:53,47.2,23.739,24.549,22.9296,8,55,37.8,100
2025-05-21 18:32:54,47.2,23.712,24.5051,22.9194,8,55,37.8,100
2025-05-21 18:32:54,47.2,23.721,24.5384,22.9031,8,55,37.8,100
2025-05-21 18:32:54,47.2,23.717,24.5048,22.9285,8,55,37.8,100
2025-05-21 18:32:55,47.2,23.73,24.5404,22.9202,8,55,37.8,100
2025-05-21 18:32:55,47.2,23.718,24.5009,22.9356,8,55,37.8,100
2025-05-21 18:32:55,47.2,23.69,24.4723,22.9084,8,55,37.8,100
2025-05-21 18:32:55,47.2,23.721,24.5373,22.9045,8,55,37.8,100
2025-05-21 18:32:56,47.2,23.702,24.4977,22.9054,8,55,37.8,100
2025-05-21 18:32:56,47.2,23.715,24.5096,22.9206,8,55,37.8,100
2025-05-21 18:32:56,47.2,23.712,24.5239,22.9007,8,55,37.8,100
2025-05-21 18:32:57,47.2,23.718,24.497,22.9387,8,55,37.8,100
2025-05-21 18:32:57,47.2,23.712,24.5223,22.9013,8,55,37.8,100
2025-05-21 18:32:57,47.2,23.703,24.5051,22.9002,8,55,37.8,100
2025-05-21 18:32:58,47.2,23.708,24.4932,22.9235,8,55,37.8,100
2025-05-21 18:32:58,47.2,23.712,24.5338,22.8898,8,55,37.8,100
2025-05-21 18:32:58,47.2,23.708,24.4968,22.9192,8,55,37.8,100
2025-05-21 18:32:59,47.2,23.747,24.5814,22.9116,8,55,37.8,100
2025-05-21 18:32:59,47.2,23.721,24.5245,22.917,8,55,37.8,100
2025-05-21 18:33:36,20,23.727,24.5393,22.9141,8,55,37.8,100
2025-05-21 18:33:36,20,23.741,24.5738,22.9083,8,55,37.8,100
2025-05-21 18:33:36,20,23.719,24.5216,22.9173,8,55,37.8,100
2025-05-21 18:33:37,20,23.733,24.5572,22.9095,8,55,37.8,100
2025-05-21 18:33:37,20,23.746,24.5521,22.9403,8,55,37.8,100
2025-05-21 18:33:37,20,23.728,24.5454,22.9102,8,55,37.8,100
2025-05-21 18:33:38,20,23.755,24.5782,22.9312,8,55,37.8,100
2025-05-21 18:33:38,20,23.738,24.5585,22.9179,8,55,37.8,100
2025-05-21 18:33:38,20,23.724,24.5263,22.9207,8,55,37.8,100
2025-05-21 18:33:39,20,23.737,24.5427,22.9305,8,55,37.8,100
2025-05-21 18:33:39,20,23.709,24.4941,22.9237,8,55,37.8,100
2025-05-21 18:33:39,20,23.738,24.5416,22.9352,8,55,37.8,100
2025-05-21 18:33:39,20,23.74,24.5487,22.9309,8,55,37.8,100
2025-05-21 18:33:40,20,23.729,24.5506,22.9069,8,55,37.8,100
2025-05-21 18:33:40,20,23.746,24.5712,22.921,8,55,37.8,100
2025-05-21 18:33:40,20,23.716,24.5098,22.9232,8,55,37.8,100
2025-05-21 18:33:41,20,23.73,24.5219,22.9372,8,55,37.8,100
2025-05-21 18:33:41,20,23.727,24.5401,22.9137,8,55,37.8,100
2025-05-21 18:33:41,20,23.736,24.5224,22.9489,8,55,37.8,100
2025-05-21 18:33:42,20,23.748,24.5482,22.9478,8,55,37.8,100
2025-05-21 18:33:42,20,23.729,24.552,22.9058,8,55,37.8,100
2025-05-21 18:33:42,20,23.728,24.5305,22.9253,8,55,37.8,100
2025-05-21 18:33:43,20,23.742,24.5512,22.9337,8,55,37.8,100
2025-05-21 18:33:43,20,23.747,24.5632,22.9312,8,55,37.8,100
2025-05-21 18:33:43,20,23.75,24.5668,22.9339,8,55,37.8,100
2025-05-21 18:33:43,20,23.734,24.5477,22.9203,8,55,37.8,100
2025-05-21 18:33:44,20,23.742,24.5523,22.9307,8,55,37.8,100
2025-05-21 18:33:44,20,23.714,24.5091,22.9198,8,55,37.8,100
2025-05-21 18:33:44,20,23.708,24.4794,22.9373,8,55,37.8,100
2025-05-21 18:33:45,20,23.728,24.5379,22.918,8,55,37.8,100
2025-05-21 18:33:45,20,23.742,24.5579,22.9265,8,55,37.8,100
2025-05-21 18:33:45,20,23.743,24.555,22.9313,8,55,37.8,100
2025-05-21 18:33:46,20,23.753,24.5803,22.9262,8,55,37.8,100
2025-05-21 18:33:46,20,23.722,24.5349,22.9086,8,55,37.8,100
2025-05-21 18:33:46,20,23.729,24.5284,22.93,8,55,37.8,100
2025-05-21 18:33:47,20,23.715,24.5375,22.8931,8,55,37.8,100
2025-05-21 18:33:47,20,23.72,24.5029,22.9375,8,55,37.8,100
2025-05-21 18:33:47,20,23.741,24.5583,22.9242,8,55,37.8,100
2025-05-21 18:33:47,20,23.714,24.511,22.9176,8,55,37.8,100
2025-05-21 18:33:48,20,23.706,24.4987,22.9133,8,55,37.8,100
2025-05-21 18:33:48,20,23.731,24.5166,22.9447,8,55,37.8,100
2025-05-21 18:33:48,20,23.725,24.506,22.9431,8,55,37.8,100
2025-05-21 18:33:49,20,23.722,24.519,22.9245,8,55,37.8,100
2025-05-21 18:33:49,20,23.716,24.5002,22.9314,8,55,37.8,100
2025-05-21 18:33:49,20,23.735,24.5301,22.9399,8,55,37.8,100
2025-05-21 18:33:50,20,23.728,24.5315,22.9254,8,55,37.8,100
2025-05-21 18:33:50,20,23.724,24.5236,22.9238,8,55,37.8,100
2025-05-21 18:33:50,20,23.737,24.5341,22.9396,8,55,37.8,100
2025-05-21 18:33:51,20,23.737,24.5429,22.9303,8,55,37.8,100
2025-05-21 18:33:51,20,23.759,24.5816,22.9359,8,55,37.8,100
2025-05-21 18:33:51,20,23.738,24.5409,22.936,8,55,37.8,100
2025-05-21 18:33:51,20,23.735,24.5311,22.9394,8,55,37.8,100
2025-05-21 18:33:52,20,23.725,24.5108,22.9384,8,55,37.8,100
2025-05-21 18:33:52,20,23.741,24.5434,22.9377,8,55,37.8,100
2025-05-21 18:33:52,20,23.729,24.5281,22.9308,8,55,37.8,100
2025-05-21 18:33:53,20,23.744,24.5488,22.9397,8,55,37.8,100
2025-05-21 18:33:53,20,23.734,24.544,22.9231,8,55,37.8,100
2025-05-21 18:33:53,20,23.741,24.5427,22.9384,8,55,37.8,100
2025-05-21 18:33:54,20,23.733,24.5305,22.9354,8,55,37.8,100
2025-05-21 18:33:54,20,23.744,24.5654,22.9221,8,55,37.8,100
2025-05-21 18:33:54,20,23.737,24.5261,22.9483,8,55,37.8,100
2025-05-21 18:33:55,20,23.729,24.5233,22.9356,8,55,37.8,100
2025-05-21 18:33:55,20,23.733,24.5335,22.9334,8,55,37.8,100
2025-05-21 18:33:55,20,23.748,24.5636,22.9331,8,55,37.8,100
2025-05-21 18:33:55,20,23.736,24.5473,22.9252,8,55,37.8,100
2025-05-21 18:33:56,48.0,23.737,24.5466,22.9273,8,55,37.8,100
2025-05-21 18:33:56,48.0,23.734,24.5289,22.9394,8,55,37.8,100
2025-05-21 18:33:57,48.0,23.735,24.5361,22.9343,8,55,37.8,100
2025-05-21 18:33:57,48.0,23.747,24.5736,22.9205,8,55,37.8,100
2025-05-21 18:33:57,48.0,23.734,24.5363,22.9308,8,55,37.8,100
2025-05-21 18:33:58,48.0,23.741,24.5379,22.9439,8,55,37.8,100
2025-05-21 18:33:58,48.0,23.727,24.5515,22.9016,8,55,37.8,100
2025-05-21 18:33:58,48.0,23.737,24.5527,22.9217,8,55,37.8,100
2025-05-21 18:33:58,48.0,23.732,24.5487,22.9149,8,55,37.8,100
2025-05-21 18:33:59,48.0,23.705,24.4616,22.9486,8,55,37.8,100
2025-05-21 18:33:59,48.0,23.731,24.5268,22.9347,8,55,37.8,100
2025-05-21 18:33:59,48.0,23.723,24.5179,22.9279,8,55,37.8,100
2025-05-21 18:34:00,48.0,23.721,24.5184,22.9235,8,55,37.8,100
2025-05-21 18:34:00,48.0,23.743,24.5553,22.9307,8,55,37.8,100
2025-05-21 18:34:00,48.0,23.709,24.483,22.9351,8,55,37.8,100
2025-05-21 18:34:01,48.0,23.731,24.532,22.929,8,55,37.8,100
2025-05-21 18:34:01,48.0,23.718,24.5133,22.9224,8,55,37.8,100
2025-05-21 18:34:01,48.0,23.716,24.4896,22.9428,8,55,37.8,100
2025-05-21 18:34:01,48.0,23.74,24.5361,22.943,8,55,37.8,100
2025-05-21 18:34:02,48.0,23.727,24.5251,22.9298,8,55,37.8,100
2025-05-21 18:34:02,48.0,23.74,24.5344,22.9463,8,55,37.8,100
2025-05-21 18:34:02,48.0,23.742,24.5433,22.94,8,55,37.8,100
2025-05-21 18:34:03,48.0,23.744,24.5405,22.9467,8,55,37.8,100
2025-05-21 18:34:03,48.0,23.749,24.5635,22.9338,8,55,37.8,100
2025-05-21 18:34:03,48.0,23.72,24.5003,22.94,8,55,37.8,100
2025-05-21 18:34:04,48.0,23.738,24.5297,22.9459,8,55,37.8,100
2025-05-21 18:34:04,48.0,23.746,24.568,22.9243,8,55,37.8,100
2025-05-21 18:34:04,48.0,23.763,24.5802,22.9461,8,55,37.8,100
2025-05-21 18:34:05,48.0,23.74,24.5232,22.956,8,55,37.8,100
2025-05-21 18:34:05,48.0,23.733,24.5437,22.922,8,55,37.8,100
2025-05-21 18:34:05,48.0,23.754,24.5616,22.9467,8,55,37.8,100
2025-05-21 18:34:05,48.0,23.761,24.5697,22.952,8,55,37.8,100
2025-05-21 18:34:06,48.0,23.705,24.4749,22.9349,8,55,37.8,100
2025-05-21 18:34:06,48.0,23.743,24.5586,22.927,8,55,37.8,100
2025-05-21 18:34:06,48.0,23.742,24.535,22.9493,8,55,37.8,100
2025-05-21 18:34:07,48.0,23.709,24.4833,22.9342,8,55,37.8,100
2025-05-21 18:34:07,48.0,23.748,24.5669,22.9286,8,55,37.8,100
2025-05-21 18:34:07,48.0,23.73,24.5077,22.9514,8,55,37.8,100
2025-05-21 18:34:08,48.0,23.735,24.5343,22.9358,8,55,37.8,100
2025-05-21 18:34:08,48.0,23.737,24.523,22.9509,8,55,37.8,100
2025-05-21 18:34:08,48.0,23.722,24.5164,22.9275,8,55,37.8,100
2025-05-21 18:34:09,48.0,23.729,24.5057,22.9527,8,55,37.8,100
2025-05-21 18:34:09,48.0,23.732,24.5251,22.9384,8,55,37.8,100
2025-05-21 18:34:09,48.0,23.733,24.5288,22.9379,8,55,37.8,100
2025-05-21 18:34:09,48.0,23.749,24.5796,22.9181,8,55,37.8,100
2025-05-21 18:34:10,48.0,23.737,24.5447,22.9301,8,55,37.8,100
2025-05-21 18:34:10,48.0,23.723,24.5235,22.9225,8,55,37.8,100
2025-05-21 18:34:10,48.0,23.748,24.5599,22.9361,8,55,37.8,100
2025-05-21 18:34:11,48.0,23.73,24.5072,22.9537,8,55,37.8,100
2025-05-21 18:34:11,48.0,23.734,24.5364,22.9315,8,55,37.8,100
2025-05-21 18:34:11,48.0,23.75,24.5696,22.9303,8,55,37.8,100
2025-05-21 18:34:12,48.0,23.744,24.5598,22.9282,8,55,37.8,100
2025-05-21 18:34:12,48.0,23.737,24.5317,22.942,8,55,37.8,100
2025-05-21 18:34:12,48.0,23.717,24.5005,22.934,8,55,37.8,100
2025-05-21 18:34:13,48.0,23.742,24.5402,22.9436,8,55,37.8,100
2025-05-21 18:34:13,48.0,23.744,24.548,22.9395,8,55,37.8,100
2025-05-21 18:34:13,48.0,23.745,24.5479,22.9425,8,55,37.8,100
2025-05-21 18:34:13,48.0,23.724,24.5025,22.9446,8,55,37.8,100
2025-05-21 18:34:14,48.0,23.732,24.5215,22.9434,8,55,37.8,100
2025-05-21 18:34:14,48.0,23.73,24.5253,22.9342,8,55,37.8,100
2025-05-21 18:34:14,48.0,23.741,24.5288,22.9538,8,55,37.8,100
2025-05-21 18:34:15,48.0,23.75,24.5564,22.9435,8,55,37.8,100
2025-05-21 18:34:15,48.0,23.725,24.5178,22.9329,8,55,37.8,100
2025-05-21 18:34:15,48.0,23.722,24.507,22.9364,8,55,37.8,100
2025-05-21 18:34:16,48.0,23.723,24.5132,22.9328,8,55,37.8,100
2025-05-21 18:34:16,48.0,23.739,24.5339,22.9445,8,55,37.8,100
2025-05-21 18:34:16,48.7,23.748,24.5366,22.9589,8,55,37.8,100
2025-05-21 18:34:17,48.7,23.704,24.4699,22.9379,8,55,37.8,100
2025-05-21 18:34:17,48.7,23.728,24.518,22.9378,8,55,37.8,100
2025-05-21 18:34:17,48.7,23.73,24.5209,22.9389,8,55,37.8,100
2025-05-21 18:34:18,48.7,23.755,24.5568,22.9533,8,55,37.8,100
2025-05-21 18:34:18,48.7,23.736,24.5305,22.9422,8,55,37.8,100
2025-05-21 18:34:18,48.7,23.743,24.5338,22.9514,8,55,37.8,100
2025-05-21 18:34:19,48.7,23.726,24.5048,22.9473,8,55,37.8,100
2025-05-21 18:34:19,48.7,23.73,24.5336,22.9265,8,55,37.8,100
2025-05-21 18:34:19,48.7,23.714,24.4896,22.9392,8,55,37.8,100
2025-05-21 18:34:19,48.7,23.747,24.5504,22.9446,8,55,37.8,100
2025-05-21 18:34:20,48.7,23.75,24.5387,22.9612,8,55,37.8,100
2025-05-21 18:34:20,48.7,23.721,24.5105,22.9321,8,55,37.8,100
2025-05-21 18:34:20,48.7,23.748,24.5321,22.9634,8,55,37.8,100
2025-05-21 18:34:21,48.7,23.747,24.5496,22.9445,8,55,37.8,100
2025-05-21 18:34:21,48.7,23.728,24.5138,22.9432,8,55,37.8,100
2025-05-21 18:34:21,48.7,23.739,24.5325,22.9446,8,55,37.8,100
2025-05-21 18:34:22,48.7,23.749,24.5493,22.9494,8,55,37.8,100
2025-05-21 18:34:22,48.7,23.77,24.5724,22.9681,8,55,37.8,100
2025-05-21 18:35:30,20,23.761,24.5701,22.9513,8,55,37.8,100
2025-05-21 18:35:30,20,23.781,24.6143,22.9481,8,55,37.8,100
2025-05-21 18:35:30,20,23.752,24.5875,22.9163,8,55,37.8,100
2025-05-21 18:35:31,20,23.76,24.5775,22.9425,8,55,37.8,100
2025-05-21 18:35:31,20,23.789,24.6295,22.9484,8,55,37.8,100
2025-05-21 18:35:31,20,23.762,24.5697,22.9542,8,55,37.8,100
2025-05-21 18:35:32,20,23.751,24.5557,22.9465,8,55,37.8,100
2025-05-21 18:35:32,20,23.785,24.613,22.9562,8,55,37.8,100
2025-05-21 18:35:32,20,23.758,24.5836,22.9333,8,55,37.8,100
2025-05-21 18:35:32,20,23.772,24.5977,22.9456,8,55,37.8,100
2025-05-21 18:35:33,20,23.77,24.5962,22.9435,8,55,37.8,100
2025-05-21 18:35:33,20,23.759,24.5796,22.939,8,55,37.8,100
2025-05-21 18:35:33,20,23.771,24.5898,22.9516,8,55,37.8,100
2025-05-21 18:35:34,20,23.767,24.597,22.9379,8,55,37.8,100
2025-05-21 18:35:34,20,23.752,24.5549,22.9494,8,55,37.8,100
2025-05-21 18:35:34,20,23.758,24.5794,22.9363,8,55,37.8,100
2025-05-21 18:35:35,20,23.737,24.5526,22.922,8,55,37.8,100
2025-05-21 18:35:35,20,23.747,24.5629,22.9301,8,55,37.8,100
2025-05-21 18:35:35,20,23.775,24.5831,22.9673,8,55,37.8,100
2025-05-21 18:35:36,20,23.775,24.5918,22.9575,8,55,37.8,100
2025-05-21 18:35:36,20,23.757,24.5857,22.9289,8,55,37.8,100
2025-05-21 18:35:36,20,23.77,24.5689,22.9714,8,55,37.8,100
2025-05-21 18:35:36,20,23.762,24.5916,22.9324,8,55,37.8,100
2025-05-21 18:35:37,20,23.748,24.554,22.9411,8,55,37.8,100
2025-05-21 18:35:37,20,23.771,24.5694,22.9722,8,55,37.8,100
2025-05-21 18:35:37,20,23.781,24.6103,22.9508,8,55,37.8,100
2025-05-21 18:35:38,20,23.779,24.5847,22.9729,8,55,37.8,100
2025-05-21 18:35:38,20,23.768,24.5961,22.9397,8,55,37.8,100
2025-05-21 18:35:38,20,23.769,24.5859,22.9528,8,55,37.8,100
2025-05-21 18:35:39,20,23.758,24.5826,22.9326,8,55,37.8,100
2025-05-21 18:35:39,20,23.777,24.5994,22.9552,8,55,37.8,100
2025-05-21 18:35:39,20,23.775,24.5974,22.9525,8,55,37.8,100
2025-05-21 18:35:40,20,23.752,24.5567,22.9478,8,55,37.8,100
2025-05-21 18:35:40,20,23.756,24.5557,22.9554,8,55,37.8,100
2025-05-21 18:35:40,20,23.784,24.6085,22.9595,8,55,37.8,100
2025-05-21 18:35:40,20,23.774,24.5985,22.9494,8,55,37.8,100
2025-05-21 18:35:41,20,23.746,24.5343,22.9579,8,55,37.8,100
2025-05-21 18:35:41,20,23.758,24.5645,22.9518,8,55,37.8,100
2025-05-21 18:35:41,20,23.77,24.5887,22.9523,8,55,37.8,100
2025-05-21 18:35:42,20,23.762,24.5729,22.951,8,55,37.8,100
2025-05-21 18:35:42,20,23.768,24.5712,22.964,8,55,37.8,100
2025-05-21 18:35:42,20,23.75,24.5682,22.9328,8,55,37.8,100
2025-05-21 18:35:43,20,23.752,24.5392,22.9651,8,55,37.8,100
2025-05-21 18:35:43,20,23.782,24.6116,22.9521,8,55,37.8,100
2025-05-21 18:35:43,20,23.761,24.564,22.9588,8,55,37.8,100
2025-05-21 18:35:44,20,23.768,24.569,22.9669,8,55,37.8,100
2025-05-21 18:35:44,20,23.757,24.5708,22.943,8,55,37.8,100
2025-05-21 18:35:44,20,23.769,24.5794,22.959,8,55,37.8,100
2025-05-21 18:35:44,20,23.783,24.6009,22.9643,8,55,37.8,100
2025-05-21 18:35:45,20,23.761,24.5787,22.9437,8,55,37.8,100
2025-05-21 18:35:45,20,23.741,24.5386,22.9435,8,55,37.8,100
2025-05-21 18:35:45,20,23.776,24.5866,22.9656,8,55,37.8,100
2025-05-21 18:35:46,20,23.751,24.57,22.9325,8,55,37.8,100
2025-05-21 18:35:46,20,23.776,24.6026,22.9502,8,55,37.8,100
2025-05-21 18:35:46,20,23.764,24.5783,22.9504,8,55,37.8,100
2025-05-21 18:35:47,20,23.752,24.5373,22.9671,8,55,37.8,100
2025-05-21 18:35:47,20,23.774,24.6095,22.9376,8,55,37.8,100
2025-05-21 18:35:47,20,23.768,24.5785,22.9572,8,55,37.8,100
2025-05-21 18:35:48,20,23.736,24.53,22.9425,8,55,37.8,100
2025-05-21 18:35:48,20,23.774,24.5807,22.9665,8,55,37.8,100
2025-05-21 18:35:48,20,23.763,24.5652,22.9605,8,55,37.8,100
2025-05-21 18:35:48,20,23.776,24.5959,22.9569,8,55,37.8,100
2025-05-21 18:35:49,20,23.764,24.584,22.9437,8,55,37.8,100
2025-05-21 18:35:49,20,23.769,24.5583,22.98,8,55,37.8,100
2025-05-21 18:35:49,20,23.745,24.5394,22.9501,8,55,37.8,100
2025-05-21 18:35:50,48.2,23.771,24.5639,22.9788,8,55,37.8,100
2025-05-21 18:35:50,48.2,23.766,24.5879,22.945,8,55,37.8,100
2025-05-21 18:35:51,48.2,23.766,24.5802,22.9528,8,55,37.8,100
2025-05-21 18:35:51,48.2,23.764,24.5631,22.9648,8,55,37.8,100
2025-05-21 18:35:51,48.2,23.755,24.542,22.9674,8,55,37.8,100
2025-05-21 18:35:51,48.2,23.773,24.5827,22.9627,8,55,37.8,100
2025-05-21 18:35:52,48.2,23.748,24.5273,22.9687,8,55,37.8,100
2025-05-21 18:35:52,48.2,23.766,24.5731,22.959,8,55,37.8,100
2025-05-21 18:35:52,48.2,23.739,24.5359,22.943,8,55,37.8,100
2025-05-21 18:35:53,48.2,23.734,24.5218,22.9453,8,55,37.8,100
2025-05-21 18:35:53,48.2,23.752,24.5362,22.9674,8,55,37.8,100
2025-05-21 18:35:53,48.2,23.74,24.5358,22.9448,8,55,37.8,100
2025-05-21 18:35:54,48.2,23.768,24.5693,22.9671,8,55,37.8,100
2025-05-21 18:35:54,48.2,23.757,24.5646,22.9498,8,55,37.8,100
2025-05-21 18:35:54,48.2,23.76,24.5479,22.9719,8,55,37.8,100
2025-05-21 18:35:54,48.2,23.773,24.579,22.9676,8,55,37.8,100
2025-05-21 18:35:55,48.2,23.764,24.5711,22.9571,8,55,37.8,100
2025-05-21 18:35:55,48.2,23.759,24.5566,22.9623,8,55,37.8,100
2025-05-21 18:35:55,48.2,23.761,24.5459,22.977,8,55,37.8,100
2025-05-21 18:35:56,48.2,23.75,24.5432,22.9571,8,55,37.8,100
2025-05-21 18:35:56,48.2,23.786,24.5965,22.9757,8,55,37.8,100
2025-05-21 18:35:56,48.2,23.753,24.554,22.9518,8,55,37.8,100
2025-05-21 18:35:57,48.2,23.758,24.5592,22.9572,8,55,37.8,100
2025-05-21 18:35:57,48.2,23.75,24.5298,22.9705,8,55,37.8,100
2025-05-21 18:35:57,48.2,23.748,24.5456,22.9503,8,55,37.8,100
2025-05-21 18:35:58,48.2,23.74,24.543,22.9369,8,55,37.8,100
2025-05-21 18:35:58,48.2,23.787,24.6131,22.9603,8,55,37.8,100
2025-05-21 18:35:58,48.2,23.747,24.5559,22.9385,8,55,37.8,100
2025-05-21 18:35:58,48.2,23.769,24.6032,22.9354,8,55,37.8,100
2025-05-21 18:35:59,48.2,23.776,24.6061,22.945,8,55,37.8,100
2025-05-21 18:35:59,48.2,23.794,24.6116,22.9773,8,55,37.8,100
2025-05-21 18:35:59,48.2,23.786,24.5877,22.9835,8,55,37.8,100
2025-05-21 18:36:00,48.2,23.767,24.555,22.979,8,55,37.8,100
2025-05-21 18:36:00,48.2,23.786,24.5936,22.9788,8,55,37.8,100
2025-05-21 18:36:00,48.2,23.767,24.5845,22.9505,8,55,37.8,100
2025-05-21 18:39:28,20,23.878,24.7451,23.0109,8,55,36,100
2025-05-21 18:39:28,20,23.881,24.7492,23.0136,8,55,37.8,100
2025-05-21 18:39:28,20,23.859,24.7356,22.9827,8,55,37.8,100
2025-05-21 18:39:28,20,23.883,24.7513,23.0141,8,55,37.8,100
2025-05-21 18:39:29,20,23.862,24.7215,23.0027,8,55,37.8,100
2025-05-21 18:39:29,20,23.867,24.7098,23.0241,8,55,37.8,100
2025-05-21 18:39:29,20,23.895,24.7855,23.0038,8,55,37.8,100
2025-05-21 18:39:30,20,23.883,24.7474,23.0194,8,55,37.8,100
2025-05-21 18:39:30,20,23.879,24.7418,23.0154,8,55,37.8,100
2025-05-21 18:39:30,20,23.876,24.7511,23.0005,8,55,37.8,100
2025-05-21 18:39:31,20,23.873,24.7521,22.9945,8,55,37.8,100
2025-05-21 18:39:31,20,23.862,24.7191,23.0053,8,55,37.8,100
2025-05-21 18:39:31,20,23.893,24.7633,23.022,8,55,37.8,100
2025-05-21 18:39:32,20,23.886,24.7562,23.0155,8,55,37.8,100
2025-05-21 18:39:32,20,23.862,24.7133,23.0101,8,55,37.8,100
2025-05-21 18:39:32,20,23.879,24.7595,22.9983,8,55,37.8,100
2025-05-21 18:39:32,20,23.869,24.7428,22.9961,8,55,37.8,100
2025-05-21 18:39:33,20,23.855,24.697,23.0139,8,55,37.8,100
2025-05-21 18:39:33,20,23.859,24.72,22.9986,8,55,37.8,100
2025-05-21 18:39:33,20,23.855,24.7212,22.9883,8,55,37.8,100
2025-05-21 18:39:34,20,23.87,24.7371,23.0022,8,55,37.8,100
2025-05-21 18:39:34,20,23.888,24.7584,23.0185,8,55,37.8,100
2025-05-21 18:39:34,20,23.87,24.7309,23.0095,8,55,37.8,100
2025-05-21 18:39:35,20,23.863,24.7069,23.0194,8,55,37.8,100
2025-05-21 18:39:35,20,23.874,24.7425,23.0047,8,55,37.8,100
2025-05-21 18:39:35,20,23.861,24.7269,22.9957,8,55,37.8,100
2025-05-21 18:39:36,20,23.858,24.7072,23.0098,8,55,37.8,100
2025-05-21 18:39:36,20,23.879,24.761,22.9979,8,55,37.8,100
2025-05-21 18:39:36,20,23.884,24.7497,23.0188,8,55,37.8,100
2025-05-21 18:39:36,20,23.87,24.7489,22.9916,8,55,37.8,100
2025-05-21 18:39:37,20,23.876,24.7314,23.0204,8,55,37.8,100
2025-05-21 18:39:37,20,23.856,24.7087,23.0043,8,55,37.8,100
2025-05-21 18:39:37,20,23.849,24.692,23.0059,8,55,37.8,100
2025-05-21 18:39:38,20,23.869,24.7243,23.0147,8,55,37.8,100
2025-05-21 18:39:38,20,23.887,24.7513,23.0221,8,55,37.8,100
2025-05-21 18:39:38,20,23.86,24.7215,22.9995,8,55,37.8,100
2025-05-21 18:39:39,20,23.868,24.7389,22.9977,8,55,37.8,100
2025-05-21 18:39:39,20,23.878,24.7407,23.0153,8,55,37.8,100
2025-05-21 18:39:39,20,23.851,24.7128,22.9894,8,55,37.8,100
2025-05-21 18:39:40,20,23.867,24.7142,23.0199,8,55,37.8,100
2025-05-21 18:39:40,20,23.863,24.7287,22.9981,8,55,37.8,100
2025-05-21 18:39:40,20,23.854,24.7096,22.9984,8,55,37.8,100
2025-05-21 18:39:40,20,23.885,24.7667,23.004,8,55,37.8,100
2025-05-21 18:39:41,20,23.873,24.7494,22.9971,8,55,37.8,100
2025-05-21 18:39:41,20,23.866,24.7271,23.0052,8,55,37.8,100
2025-05-21 18:39:41,20,23.849,24.6872,23.01,8,55,37.8,100
2025-05-21 18:39:42,20,23.871,24.7337,23.0084,8,55,37.8,100
2025-05-21 18:39:42,20,23.866,24.7306,23.0022,8,55,37.8,100
2025-05-21 18:39:42,20,23.875,24.728,23.0213,8,55,37.8,100
2025-05-21 18:39:43,20,23.859,24.7237,22.9943,8,55,37.8,100
2025-05-21 18:41:11,20,23.874,24.7443,23.004,8,55,36,100
2025-05-21 18:41:11,20,23.868,24.714,23.0213,8,55,37.8,100
2025-05-21 18:41:11,20,23.877,24.747,23.0068,8,55,37.8,100
2025-05-21 18:41:11,20,23.875,24.7167,23.0331,8,55,37.8,100
2025-05-21 18:41:12,20,23.879,24.7313,23.0268,8,55,37.8,100
2025-05-21 18:41:12,20,23.886,24.7411,23.0301,8,55,37.8,100
2025-05-21 18:41:12,20,23.881,24.7337,23.029,8,55,37.8,100
2025-05-21 18:41:13,20,23.892,24.7524,23.0308,8,55,37.8,100
2025-05-21 18:41:13,20,23.864,24.7031,23.0241,8,55,37.8,100
2025-05-21 18:41:13,20,23.891,24.751,23.0305,8,55,37.8,100
2025-05-21 18:41:14,20,23.89,24.7517,23.0289,8,55,37.8,100
2025-05-21 18:41:14,20,23.88,24.7394,23.0197,8,55,37.8,100
2025-05-21 18:41:14,20,23.894,24.7389,23.0485,8,55,37.8,100
2025-05-21 18:41:15,20,23.893,24.7501,23.0358,8,55,37.8,100
2025-05-21 18:41:15,20,23.876,24.7049,23.0466,8,55,37.8,100
2025-05-21 18:41:15,20,23.869,24.7331,23.0048,8,55,37.8,100
2025-05-21 18:41:15,20,23.871,24.7311,23.0107,8,55,37.8,100
2025-05-21 18:41:16,20,23.892,24.7466,23.0384,8,55,37.8,100
2025-05-21 18:41:16,20,23.861,24.7229,22.9991,8,55,37.8,100
2025-05-21 18:41:16,20,23.879,24.7352,23.0237,8,55,37.8,100
2025-05-21 18:41:17,20,23.897,24.757,23.0377,8,55,37.8,100
2025-05-21 18:41:17,20,23.905,24.7715,23.0384,8,55,37.8,100
2025-05-21 18:41:17,20,23.89,24.76,23.0204,8,55,37.8,100
2025-05-21 18:41:18,20,23.889,24.7504,23.0282,8,55,37.8,100
2025-05-21 18:41:18,20,23.869,24.7001,23.0381,8,55,37.8,100
2025-05-21 18:41:18,20,23.889,24.7461,23.0309,8,55,37.8,100
2025-05-21 18:41:19,20,23.904,24.7793,23.0283,8,55,37.8,100
2025-05-21 18:41:19,20,23.869,24.7175,23.0204,8,55,37.8,100
2025-05-21 18:41:19,20,23.883,24.7295,23.0368,8,55,37.8,100
2025-05-21 18:41:19,20,23.883,24.745,23.0209,8,55,37.8,100
2025-05-21 18:41:20,20,23.887,24.7408,23.0339,8,55,37.8,100
2025-05-21 18:41:20,20,23.874,24.7128,23.0359,8,55,37.8,100
2025-05-21 18:41:20,20,23.874,24.7159,23.0325,8,55,37.8,100
2025-05-21 18:41:21,20,23.857,24.7124,23.0021,8,55,37.8,100
2025-05-21 18:41:21,20,23.892,24.7722,23.0125,8,55,37.8,100
2025-05-21 18:41:21,20,23.862,24.7147,23.0085,8,55,37.8,100
2025-05-21 18:41:22,20,23.888,24.7622,23.0142,8,55,37.8,100
2025-05-21 18:41:22,20,23.88,24.712,23.0471,8,55,37.8,100
2025-05-21 18:41:22,20,23.881,24.7508,23.0118,8,55,37.8,100
2025-05-21 18:41:23,20,23.888,24.752,23.0248,8,55,37.8,100
2025-05-21 18:41:23,20,23.877,24.7287,23.0245,8,55,37.8,100
2025-05-21 18:41:23,20,23.868,24.7267,23.009,8,55,37.8,100
2025-05-21 18:41:23,20,23.895,24.7675,23.0233,8,55,37.8,100
2025-05-21 18:41:24,20,23.89,24.743,23.0365,8,55,37.8,100
2025-05-21 18:41:24,20,23.9,24.7781,23.0226,8,55,37.8,100
2025-05-21 18:41:24,20,23.896,24.745,23.048,8,55,37.8,100
2025-05-21 18:41:25,20,23.899,24.7738,23.025,8,55,37.8,100
2025-05-21 18:41:25,20,23.899,24.7465,23.0525,8,55,37.8,100
2025-05-21 18:41:25,20,23.918,24.7854,23.051,8,55,37.8,100
2025-05-21 18:41:26,20,23.895,24.7669,23.0239,8,55,37.8,100
2025-05-21 18:41:26,20,23.884,24.7472,23.021,8,55,37.8,100
2025-05-21 18:41:26,20,23.865,24.7181,23.0121,8,55,37.8,100
2025-05-21 18:41:26,20,23.877,24.7238,23.03,8,55,37.8,100
2025-05-21 18:41:27,20,23.894,24.7506,23.037,8,55,37.8,100
2025-05-21 18:41:27,20,23.898,24.7704,23.0248,8,55,37.8,100
2025-05-21 18:41:27,20,23.884,24.7398,23.028,8,55,37.8,100
2025-05-21 18:41:28,20,23.87,24.7256,23.0141,8,55,37.8,100
2025-05-21 18:41:28,20,23.878,24.7236,23.0328,8,55,37.8,100
2025-05-21 18:41:28,20,23.864,24.716,23.0125,8,55,37.8,100
2025-05-21 18:41:29,20,23.891,24.748,23.0347,8,55,37.8,100
2025-05-21 18:41:29,20,23.869,24.7069,23.0309,8,55,37.8,100
2025-05-21 18:41:29,20,23.887,24.7422,23.0321,8,55,37.8,100
2025-05-21 18:41:30,20,23.877,24.7381,23.0152,8,55,37.8,100
2025-05-21 18:41:30,20,23.877,24.7116,23.043,8,55,37.8,100
2025-05-21 18:41:30,20,23.88,24.7172,23.0427,8,55,37.8,100
2025-05-21 18:41:31,48.5,23.861,24.7109,23.0105,8,55,37.8,100
2025-05-21 18:41:31,48.5,23.865,24.7008,23.0283,8,55,37.8,100
2025-05-21 18:41:31,48.5,23.847,24.6823,23.0118,8,55,37.8,100
2025-05-21 18:41:32,48.5,23.853,24.6992,23.0063,8,55,37.8,100
2025-05-21 18:41:32,48.5,23.869,24.702,23.0351,8,55,37.8,100
2025-05-21 18:41:32,48.5,23.855,24.6824,23.0283,8,55,37.8,100
2025-05-21 18:41:33,48.5,23.893,24.7608,23.0249,8,55,37.8,100
2025-05-21 18:41:33,48.5,23.881,24.7138,23.0483,8,55,37.8,100
2025-05-21 18:41:33,48.5,23.864,24.6998,23.0282,8,55,37.8,100
2025-05-21 18:41:33,48.5,23.874,24.7205,23.027,8,55,37.8,100
2025-05-21 18:41:34,48.5,23.877,24.7238,23.0298,8,55,37.8,100
2025-05-21 18:41:34,48.5,23.869,24.7116,23.0258,8,55,37.8,100
2025-05-21 18:41:34,48.5,23.875,24.7293,23.0212,8,55,37.8,100
2025-05-21 18:41:35,48.5,23.872,24.7179,23.0259,8,55,37.8,100
2025-05-21 18:41:35,48.5,23.871,24.7006,23.041,8,55,37.8,100
2025-05-21 18:41:35,48.5,23.9,24.759,23.0412,8,55,37.8,100
2025-05-21 18:41:36,48.5,23.856,24.6811,23.0312,8,55,37.8,100
2025-05-21 18:41:36,48.5,23.871,24.695,23.046,8,55,37.8,100
2025-05-21 18:41:36,48.5,23.856,24.683,23.0296,8,55,37.8,100
2025-05-21 18:41:37,48.5,23.889,24.7399,23.0386,8,55,37.8,100
2025-05-21 18:41:37,48.5,23.902,24.7599,23.0436,8,55,37.8,100
2025-05-21 18:41:37,48.5,23.88,24.7206,23.0401,8,55,37.8,100
2025-05-21 18:41:37,48.5,23.891,24.76,23.0226,8,55,37.8,100
2025-05-21 18:41:38,48.5,23.886,24.7166,23.0552,8,55,37.8,100
2025-05-21 18:41:38,48.5,23.894,24.7508,23.0375,8,55,37.8,100
2025-05-21 18:41:38,48.5,23.869,24.7164,23.0224,8,55,37.8,100
2025-05-21 18:41:39,48.5,23.894,24.7332,23.0542,8,55,37.8,100
2025-05-21 18:41:39,48.5,23.868,24.6883,23.0472,8,55,37.8,100
2025-05-21 18:41:39,48.5,23.892,24.7264,23.0576,8,55,37.8,100
2025-05-21 18:41:40,48.5,23.866,24.6918,23.041,8,55,37.8,100
2025-05-21 18:41:40,48.5,23.872,24.6805,23.063,8,55,37.8,100
2025-05-21 18:41:40,48.5,23.887,24.7322,23.041,8,55,37.8,100
2025-05-21 18:41:41,48.5,23.855,24.7039,23.0068,8,55,37.8,100
2025-05-21 18:41:41,48.5,23.881,24.7086,23.0529,8,55,37.8,100
2025-05-21 18:41:41,48.5,23.872,24.7077,23.0364,8,55,37.8,100
2025-05-21 18:43:25,20,23.957,24.8324,23.0818,8,55,36,100
2025-05-21 18:43:25,20,23.95,24.8386,23.0614,8,55,37.8,100
2025-05-21 18:43:26,20,23.953,24.8568,23.0501,8,55,37.8,100
2025-05-21 18:43:26,20,23.935,24.8265,23.0432,8,55,37.8,100
2025-05-21 18:43:26,20,23.949,24.8367,23.0607,8,55,37.8,100
2025-05-21 18:43:27,20,23.959,24.8477,23.071,8,55,37.8,100
2025-05-21 18:43:27,20,23.947,24.8351,23.0594,8,55,37.8,100
2025-05-21 18:43:27,20,23.934,24.7973,23.0709,8,55,37.8,100
2025-05-21 18:43:28,20,23.941,24.8378,23.044,8,55,37.8,100
2025-05-21 18:43:28,20,23.957,24.8336,23.0795,8,55,37.8,100
2025-05-21 18:43:28,20,23.934,24.8122,23.0565,8,55,37.8,100
2025-05-21 18:43:29,20,23.953,24.831,23.0745,8,55,37.8,100
2025-05-21 18:43:29,20,23.934,24.8046,23.0627,8,55,37.8,100
2025-05-21 18:43:29,20,23.944,24.822,23.0659,8,55,37.8,100
2025-05-21 18:43:29,20,23.928,24.7791,23.076,8,55,37.8,100
2025-05-21 18:43:30,20,23.94,24.8075,23.072,8,55,37.8,100
2025-05-21 18:43:30,20,23.965,24.8656,23.0639,8,55,37.8,100
2025-05-21 18:43:30,20,23.955,24.8401,23.0701,8,55,37.8,100
2025-05-21 18:43:31,20,23.917,24.7788,23.0552,8,55,37.8,100
2025-05-21 18:43:31,20,23.965,24.8534,23.0767,8,55,37.8,100
2025-05-21 18:43:31,20,23.96,24.844,23.0767,8,55,37.8,100
2025-05-21 18:43:32,20,23.928,24.7952,23.0604,8,55,37.8,100
2025-05-21 18:43:32,20,23.937,24.7991,23.074,8,55,37.8,100
2025-05-21 18:43:32,20,23.948,24.8498,23.0458,8,55,37.8,100
2025-05-21 18:43:33,20,23.951,24.8383,23.0631,8,55,37.8,100
2025-05-21 18:43:33,20,23.933,24.7704,23.0957,8,55,37.8,100
2025-05-21 18:43:33,20,23.946,24.8094,23.0828,8,55,37.8,100
2025-05-21 18:43:33,20,23.943,24.8191,23.0668,8,55,37.8,100
2025-05-21 18:43:34,20,23.948,24.8259,23.0692,8,55,37.8,100
2025-05-21 18:43:34,20,23.963,24.8658,23.0601,8,55,37.8,100
2025-05-21 18:43:34,20,23.951,24.8391,23.0626,8,55,37.8,100
2025-05-21 18:43:35,20,23.937,24.8016,23.0718,8,55,37.8,100
2025-05-21 18:43:35,20,23.953,24.8305,23.075,8,55,37.8,100
2025-05-21 18:43:35,20,23.951,24.8192,23.0819,8,55,37.8,100
2025-05-21 18:43:36,20,23.954,24.8468,23.0606,8,55,37.8,100
2025-05-21 18:43:36,20,23.92,24.7841,23.0554,8,55,37.8,100
2025-05-21 18:43:36,20,23.917,24.7902,23.0436,8,55,37.8,100
2025-05-21 18:43:36,20,23.92,24.7885,23.0522,8,55,37.8,100
2025-05-21 18:43:37,20,23.94,24.8209,23.059,8,55,37.8,100
2025-05-21 18:43:37,20,23.949,24.8289,23.0683,8,55,37.8,100
2025-05-21 18:43:37,20,23.956,24.8404,23.0708,8,55,37.8,100
2025-05-21 18:43:38,20,23.931,24.8109,23.0519,8,55,37.8,100
2025-05-21 18:43:38,20,23.948,24.8406,23.0562,8,55,37.8,100
2025-05-21 18:43:38,20,23.96,24.8446,23.0761,8,55,37.8,100
2025-05-21 18:43:39,20,23.957,24.8291,23.0855,8,55,37.8,100
2025-05-21 18:43:39,20,23.934,24.7982,23.0698,8,55,37.8,100
2025-05-21 18:43:39,20,23.964,24.8516,23.0763,8,55,37.8,100
2025-05-21 18:43:40,20,23.939,24.8152,23.0621,8,55,37.8,100
2025-05-21 18:43:40,20,23.932,24.813,23.0508,8,55,37.8,100
2025-05-21 18:43:40,20,23.934,24.7848,23.0827,8,55,37.8,100
2025-05-21 18:45:25,20,23.958,24.8607,23.0553,8,55,36,100
2025-05-21 18:45:25,20,23.969,24.8533,23.0846,8,55,37.8,100
2025-05-21 18:45:25,20,23.959,24.8587,23.0596,8,55,37.8,100
2025-05-21 18:45:26,20,23.953,24.8387,23.0671,8,55,37.8,100
2025-05-21 18:45:26,20,23.959,24.8465,23.0716,8,55,37.8,100
2025-05-21 18:45:26,20,23.962,24.8515,23.0728,8,55,37.8,100
2025-05-21 18:45:27,20,23.945,24.8132,23.0771,8,55,37.8,100
2025-05-21 18:45:27,20,23.943,24.8421,23.0432,8,55,37.8,100
2025-05-21 18:45:27,20,23.96,24.8337,23.086,8,55,37.8,100
2025-05-21 18:45:28,20,23.946,24.8361,23.0562,8,55,37.8,100
2025-05-21 18:45:28,20,23.967,24.8456,23.0886,8,55,37.8,100
2025-05-21 18:45:28,20,23.945,24.8324,23.058,8,55,37.8,100
2025-05-21 18:45:28,20,23.945,24.8024,23.0876,8,55,37.8,100
2025-05-21 18:45:29,20,23.973,24.8566,23.0891,8,55,37.8,100
2025-05-21 18:45:29,20,23.975,24.8724,23.0776,8,55,37.8,100
2025-05-21 18:45:29,20,23.953,24.8303,23.0751,8,55,37.8,100
2025-05-21 18:45:30,20,23.962,24.8332,23.091,8,55,37.8,100
2025-05-21 18:45:30,20,23.981,24.8718,23.0896,8,55,37.8,100
2025-05-21 18:45:30,20,23.947,24.8227,23.0722,8,55,37.8,100
2025-05-21 18:45:31,20,23.959,24.8422,23.075,8,55,37.8,100
2025-05-21 18:45:31,20,23.954,24.8409,23.0666,8,55,37.8,100
2025-05-21 18:45:31,20,23.962,24.8483,23.0748,8,55,37.8,100
2025-05-21 18:45:32,20,23.969,24.8437,23.0936,8,55,37.8,100
2025-05-21 18:45:32,20,23.956,24.8381,23.0742,8,55,37.8,100
2025-05-21 18:45:32,20,23.973,24.8477,23.0992,8,55,37.8,100
2025-05-21 18:45:32,20,23.97,24.8517,23.0893,8,55,37.8,100
2025-05-21 18:45:33,20,23.963,24.8527,23.074,8,55,37.8,100
2025-05-21 18:45:33,20,23.945,24.8191,23.0703,8,55,37.8,100
2025-05-21 18:45:33,20,23.957,24.8258,23.0878,8,55,37.8,100
2025-05-21 18:45:34,20,23.952,24.8166,23.0884,8,55,37.8,100
2025-05-21 18:45:34,20,23.955,24.8236,23.0855,8,55,37.8,100
2025-05-21 18:45:34,20,23.957,24.8487,23.0663,8,55,37.8,100
2025-05-21 18:45:35,20,23.968,24.8591,23.0761,8,55,37.8,100
2025-05-21 18:45:35,20,23.956,24.8339,23.0774,8,55,37.8,100
2025-05-21 18:45:35,20,23.97,24.8608,23.0788,8,55,37.8,100
2025-05-21 18:45:35,20,23.955,24.8211,23.0882,8,55,37.8,100
2025-05-21 18:45:36,20,23.977,24.8729,23.0811,8,55,37.8,100
2025-05-21 18:45:36,20,23.961,24.8471,23.0755,8,55,37.8,100
2025-05-21 18:45:36,20,23.952,24.8146,23.0899,8,55,37.8,100
2025-05-21 18:45:37,20,23.969,24.8612,23.0764,8,55,37.8,100
2025-05-21 18:45:37,20,23.944,24.8028,23.0852,8,55,37.8,100
2025-05-21 18:45:37,20,23.944,24.8171,23.0708,8,55,37.8,100
2025-05-21 18:45:38,20,23.954,24.8268,23.082,8,55,37.8,100
2025-05-21 18:45:38,20,23.965,24.8485,23.0814,8,55,37.8,100
2025-05-21 18:45:38,20,23.956,24.8372,23.0752,8,55,37.8,100
2025-05-21 18:45:39,20,23.953,24.8202,23.0858,8,55,37.8,100
2025-05-21 18:45:39,20,23.977,24.863,23.0913,8,55,37.8,100
2025-05-21 18:45:39,20,23.948,24.8242,23.0719,8,55,37.8,100
2025-05-21 18:45:39,20,23.956,24.8431,23.0693,8,55,37.8,100
2025-05-21 18:45:40,20,23.961,24.8425,23.0787,8,55,37.8,100
2025-05-21 18:45:40,20,23.953,24.8337,23.0717,8,55,37.8,100
2025-05-21 18:45:40,20,23.939,24.8096,23.0684,8,55,37.8,100
2025-05-21 18:45:41,20,23.941,24.8174,23.065,8,55,37.8,100
2025-05-21 18:45:41,20,23.966,24.8563,23.0754,8,55,37.8,100
2025-05-21 18:45:41,20,23.957,24.831,23.083,8,55,37.8,100
2025-05-21 18:45:42,20,23.927,24.7665,23.088,8,55,37.8,100
2025-05-21 18:45:42,20,23.951,24.8285,23.0742,8,55,37.8,100
2025-05-21 18:45:42,20,23.948,24.8308,23.0661,8,55,37.8,100
2025-05-21 18:45:43,20,23.95,24.814,23.0852,8,55,37.8,100
2025-05-21 18:45:43,20,23.943,24.8002,23.0859,8,55,37.8,100
2025-05-21 18:45:43,20,23.949,24.8075,23.0901,8,55,37.8,100
2025-05-21 18:45:43,20,23.978,24.8765,23.0799,8,55,37.8,100
2025-05-21 18:45:44,20,23.967,24.8316,23.1024,8,55,37.8,100
2025-05-21 18:45:44,20,23.941,24.7899,23.0914,8,55,37.8,100
2025-05-21 18:45:44,20,23.935,24.798,23.0717,8,55,37.8,100
2025-05-21 18:45:45,48.2,23.946,24.8061,23.0863,8,55,37.8,100
2025-05-21 18:45:45,48.2,23.935,24.7913,23.0785,8,55,37.8,100
2025-05-21 18:45:46,48.2,23.968,24.8477,23.0877,8,55,37.8,100
2025-05-21 18:45:46,48.2,23.93,24.7667,23.0925,8,55,37.8,100
2025-05-21 18:45:46,48.2,23.982,24.8751,23.0893,8,55,37.8,100
2025-05-21 18:45:46,48.2,23.958,24.8316,23.0842,8,55,37.8,100
2025-05-21 18:45:47,48.2,23.969,24.8596,23.079,8,55,37.8,100
2025-05-21 18:45:47,48.2,23.985,24.8581,23.1111,8,55,37.8,100
2025-05-21 18:45:47,48.2,23.944,24.8048,23.0835,8,55,37.8,100
2025-05-21 18:45:48,48.2,23.956,24.8067,23.1056,8,55,37.8,100
2025-05-21 18:45:48,48.2,23.959,24.8261,23.0928,8,55,37.8,100
2025-05-21 18:45:48,48.2,23.984,24.8562,23.1118,8,55,37.8,100
2025-05-21 18:45:49,48.2,23.956,24.818,23.0946,8,55,37.8,100
2025-05-21 18:45:49,48.2,23.941,24.79,23.0911,8,55,37.8,100
2025-05-21 18:45:49,48.2,23.98,24.8828,23.0775,8,55,37.8,100
2025-05-21 18:45:50,48.2,23.963,24.827,23.0984,8,55,37.8,100
2025-05-21 18:45:50,48.2,23.945,24.7924,23.0981,8,55,37.8,100
2025-05-21 18:45:50,48.2,23.981,24.8802,23.0814,8,55,37.8,100
2025-05-21 18:45:50,48.2,23.97,24.8375,23.1022,8,55,37.8,100
2025-05-21 18:45:51,48.2,23.969,24.8493,23.0893,8,55,37.8,100
2025-05-21 18:45:51,48.2,23.941,24.7966,23.086,8,55,37.8,100
2025-05-21 18:45:51,48.2,23.956,24.8307,23.0805,8,55,37.8,100
2025-05-21 18:45:52,48.2,23.972,24.8417,23.1016,8,55,37.8,100
2025-05-21 18:45:52,48.2,23.996,24.8928,23.0998,8,55,37.8,100
2025-05-21 18:45:52,48.2,23.953,24.8361,23.0706,8,55,37.8,100
2025-05-21 18:45:53,48.2,23.972,24.8571,23.0879,8,55,37.8,100
2025-05-21 18:45:53,48.2,23.974,24.8361,23.1119,8,55,37.8,100
2025-05-21 18:45:53,48.2,23.976,24.8529,23.0988,8,55,37.8,100
2025-05-21 18:45:53,48.2,23.953,24.8056,23.101,8,55,37.8,100
2025-05-21 18:45:54,48.2,23.963,24.8188,23.1069,8,55,37.8,100
2025-05-21 18:45:54,48.2,23.955,24.8069,23.1034,8,55,37.8,100
2025-05-21 18:45:54,48.2,23.975,24.8518,23.0987,8,55,37.8,100
2025-05-21 18:45:55,48.2,23.972,24.8461,23.0988,8,55,37.8,100
2025-05-21 18:45:55,48.2,23.96,24.8163,23.1029,8,55,37.8,100
2025-05-21 18:45:55,48.2,23.954,24.8106,23.0974,8,55,37.8,100
