1,1,15:23:05,19.7,19.81,19.58,71.73,72.32,71.14,0
1,1,15:23:06,19.7,19.82,19.58,71.7,72.28,71.13,0
1,1,15:23:08,19.71,19.83,19.59,71.71,72.28,71.14,0
1,1,15:23:09,19.71,19.83,19.6,71.7,72.28,71.13,0
1,1,15:23:10,19.73,19.84,19.62,71.69,72.26,71.12,0
1,1,15:23:12,19.73,19.85,19.62,71.67,72.25,71.1,0
1,1,15:23:13,19.73,19.85,19.62,71.67,72.23,71.11,0
1,1,15:23:14,19.74,19.86,19.62,71.66,72.2,71.11,0
1,1,15:23:16,19.75,19.87,19.63,71.66,72.21,71.12,0
1,1,15:23:17,19.75,19.87,19.62,71.65,72.2,71.09,0
1,1,15:23:18,19.75,19.87,19.62,71.64,72.18,71.1,0
1,1,15:23:20,19.75,19.87,19.63,71.64,72.18,71.09,0
1,1,15:23:21,19.75,19.87,19.62,71.62,72.17,71.08,0
1,1,15:23:22,19.75,19.87,19.63,71.61,72.15,71.07,0
1,1,15:23:23,19.75,19.87,19.62,71.61,72.15,71.07,0
1,1,15:23:25,19.75,19.87,19.63,71.59,72.12,71.05,0
1,1,15:23:26,19.75,19.87,19.63,71.58,72.12,71.04,0
1,1,15:23:27,19.75,19.87,19.63,71.57,72.11,71.03,0
1,1,15:23:29,19.75,19.87,19.63,71.53,72.07,71.0,0
1,1,15:23:30,19.75,19.87,19.63,71.54,72.09,70.99,0
1,1,15:23:31,19.75,19.88,19.63,71.53,72.08,70.98,0
1,1,15:23:33,19.75,19.88,19.62,71.54,72.08,71.0,0
1,1,15:23:34,19.75,19.88,19.63,71.53,72.07,70.99,0
1,1,15:23:35,19.76,19.89,19.63,71.5,72.04,70.96,0
1,1,15:23:36,19.76,19.88,19.64,71.5,72.03,70.98,0
1,1,15:23:38,19.75,19.88,19.63,71.5,72.02,70.98,0
1,1,15:23:39,19.77,19.89,19.64,71.49,72.01,70.97,0
1,1,15:23:40,19.77,19.89,19.64,71.48,71.99,70.97,0
1,1,15:23:42,19.77,19.89,19.64,71.47,71.99,70.95,0
1,1,15:23:43,19.77,19.89,19.64,71.47,71.98,70.95,0
1,1,15:23:44,19.77,19.89,19.64,71.45,71.96,70.94,0
1,1,15:23:46,19.77,19.89,19.64,71.44,71.95,70.94,0
1,1,15:23:47,19.77,19.89,19.64,71.44,71.96,70.93,0
1,1,15:23:48,19.76,19.88,19.64,71.44,71.95,70.92,0
1,1,15:23:50,19.77,19.89,19.64,71.43,71.93,70.92,0
1,1,15:23:51,19.77,19.89,19.64,71.41,71.91,70.92,0
1,1,15:23:52,19.77,19.89,19.64,71.41,71.91,70.91,0
1,1,15:23:53,19.77,19.89,19.64,71.41,71.91,70.91,0
1,1,15:23:55,19.77,19.89,19.64,71.41,71.9,70.92,0
1,1,15:23:56,19.76,19.88,19.64,71.41,71.9,70.91,0
1,1,15:23:57,19.77,19.89,19.64,71.39,71.88,70.91,0
1,1,15:23:59,19.77,19.89,19.64,71.38,71.86,70.9,0
1,1,15:24:00,19.77,19.89,19.64,71.39,71.87,70.9,0
1,1,15:24:01,19.77,19.89,19.64,71.39,71.87,70.91,0
1,1,15:24:03,19.77,19.89,19.64,71.38,71.85,70.92,0
1,1,15:24:04,19.77,19.89,19.64,71.38,71.84,70.91,0
1,1,15:24:05,19.77,19.89,19.64,71.38,71.83,70.92,0
1,1,15:24:06,19.77,19.89,19.64,71.38,71.83,70.92,0
1,1,15:24:08,19.77,19.89,19.64,71.37,71.81,70.92,0
1,1,15:24:09,19.77,19.89,19.64,71.38,71.83,70.93,0
1,1,15:24:10,19.77,19.89,19.64,71.37,71.81,70.92,0
1,1,15:24:12,19.77,19.89,19.64,71.38,71.81,70.95,0
1,1,15:24:13,19.77,19.89,19.65,71.37,71.79,70.94,0
1,1,15:24:14,19.77,19.89,19.64,71.37,71.79,70.94,0
1,1,15:24:16,19.77,19.89,19.64,71.36,71.79,70.93,0
1,1,15:24:17,19.77,19.89,19.64,71.36,71.79,70.92,0
1,1,15:24:18,19.77,19.89,19.64,71.36,71.79,70.92,0
1,1,15:24:20,19.77,19.89,19.64,71.36,71.79,70.92,0
1,1,15:24:21,19.77,19.89,19.64,71.34,71.78,70.91,0
1,1,15:24:22,19.77,19.89,19.64,71.34,71.78,70.9,0
1,1,15:24:23,19.77,19.9,19.64,71.35,71.78,70.92,0
1,1,15:24:25,19.77,19.9,19.64,71.34,71.77,70.92,0
1,1,15:24:26,19.77,19.9,19.65,71.34,71.75,70.92,0
1,1,15:24:27,19.77,19.9,19.65,71.34,71.76,70.93,0
1,1,15:24:29,19.77,19.89,19.65,71.34,71.75,70.93,0
1,1,15:24:30,19.77,19.9,19.65,71.34,71.76,70.93,0
1,1,15:24:31,19.77,19.9,19.65,71.34,71.75,70.93,0
1,1,15:24:33,19.77,19.89,19.64,71.33,71.73,70.92,0
1,1,15:24:34,19.77,19.89,19.65,71.34,71.74,70.93,0
1,1,15:24:35,19.77,19.9,19.65,71.33,71.72,70.93,0
1,1,15:24:36,19.77,19.9,19.64,71.34,71.74,70.93,0
1,1,15:24:38,19.77,19.9,19.65,71.34,71.74,70.93,0
1,1,15:24:39,19.77,19.9,19.64,71.33,71.73,70.92,0
1,1,15:24:40,19.77,19.89,19.64,71.33,71.72,70.94,0
1,1,15:24:42,19.77,19.9,19.65,71.31,71.71,70.92,0
1,1,15:24:43,19.77,19.9,19.64,71.31,71.71,70.91,0
1,1,15:24:44,19.77,19.89,19.64,71.32,71.71,70.93,0
1,1,15:24:46,19.77,19.89,19.65,71.33,71.72,70.93,0
1,1,15:24:47,19.77,19.9,19.65,71.33,71.72,70.93,0
1,1,15:24:48,19.77,19.9,19.65,71.31,71.7,70.93,0
1,1,15:24:50,19.78,19.9,19.66,71.31,71.7,70.92,0
1,1,15:24:51,19.77,19.9,19.65,71.31,71.7,70.93,0
1,1,15:24:52,19.77,19.9,19.65,71.31,71.7,70.91,0
1,1,15:24:53,19.77,19.9,19.65,71.31,71.7,70.91,0
1,1,15:24:55,19.77,19.9,19.65,71.31,71.69,70.92,0
1,1,15:24:56,19.78,19.91,19.65,71.31,71.7,70.92,0
1,1,15:24:57,19.77,19.9,19.65,71.31,71.69,70.93,0
1,1,15:24:59,19.78,19.91,19.65,71.31,71.68,70.93,0
1,1,15:25:00,19.77,19.9,19.65,71.3,71.69,70.91,0
1,1,15:25:01,19.77,19.9,19.65,71.3,71.68,70.92,0
1,1,15:25:03,19.78,19.9,19.66,71.3,71.67,70.92,0
1,1,15:25:04,19.78,19.91,19.65,71.31,71.68,70.93,0
1,1,15:25:05,19.78,19.91,19.65,71.3,71.67,70.92,0
1,1,15:25:06,19.77,19.9,19.65,71.3,71.67,70.93,0
1,1,15:25:08,19.77,19.9,19.65,71.31,71.67,70.94,0
1,1,15:25:09,19.77,19.9,19.65,71.3,71.67,70.92,0
1,1,15:25:10,19.77,19.9,19.65,71.3,71.66,70.93,0
1,1,15:25:12,19.77,19.91,19.64,71.3,71.68,70.92,0
1,1,15:25:13,19.77,19.9,19.64,71.3,71.68,70.92,0
1,1,15:25:14,19.77,19.9,19.65,71.31,71.67,70.94,0
1,1,15:25:16,19.77,19.9,19.65,71.3,71.66,70.94,0
1,1,15:25:17,19.77,19.9,19.65,71.3,71.66,70.93,0
1,1,15:25:18,19.77,19.9,19.65,71.3,71.67,70.93,0
1,1,15:25:20,19.77,19.91,19.64,71.31,71.67,70.95,0
1,1,15:25:21,19.79,19.91,19.66,71.31,71.67,70.95,0
1,1,15:25:22,19.77,19.9,19.65,71.31,71.67,70.95,0
1,1,15:25:23,19.77,19.9,19.65,71.31,71.66,70.96,0
1,1,15:25:25,19.78,19.91,19.65,71.31,71.66,70.95,0
1,1,15:25:26,19.77,19.9,19.65,71.31,71.65,70.97,0
1,1,15:25:27,19.77,19.9,19.65,71.31,71.66,70.96,0
1,1,15:25:29,19.77,19.9,19.65,71.31,71.65,70.96,0
1,1,15:25:30,19.79,19.91,19.66,71.31,71.65,70.97,0
1,1,15:25:31,19.78,19.91,19.65,71.31,71.66,70.97,0
1,1,15:25:33,19.78,19.91,19.65,71.31,71.65,70.97,0
1,1,15:25:34,19.79,19.91,19.66,71.32,71.66,70.98,0
1,1,15:25:35,19.78,19.91,19.65,71.31,71.65,70.98,0
1,1,15:25:36,19.78,19.91,19.65,71.33,71.65,71.0,0
1,1,15:25:38,19.78,19.91,19.65,71.31,71.65,70.98,0
1,1,15:25:39,19.78,19.9,19.66,71.33,71.66,71.0,0
1,1,15:25:40,19.79,19.91,19.66,71.33,71.66,71.0,0
1,1,15:25:42,19.79,19.91,19.66,71.33,71.65,71.0,0
1,1,15:25:43,19.79,19.92,19.66,71.33,71.65,71.0,0
1,1,15:25:44,19.79,19.92,19.66,71.33,71.65,71.01,0
1,1,15:25:46,19.79,19.91,19.66,71.34,71.66,71.01,0
1,1,15:25:47,19.79,19.92,19.66,71.34,71.66,71.01,0
1,1,15:25:48,19.78,19.91,19.65,71.34,71.66,71.02,0
1,1,15:25:50,19.79,19.92,19.66,71.34,71.67,71.02,0
1,1,15:25:51,19.78,19.91,19.65,71.34,71.66,71.01,0
1,1,15:25:52,19.79,19.92,19.66,71.34,71.66,71.02,0
1,1,15:25:53,19.78,19.91,19.65,71.35,71.68,71.02,0
1,1,15:25:55,19.78,19.91,19.65,71.35,71.68,71.02,0
1,1,15:25:56,19.78,19.91,19.65,71.34,71.66,71.01,0
1,1,15:25:57,19.79,19.91,19.66,71.34,71.67,71.02,0
1,1,15:25:59,19.79,19.92,19.65,71.35,71.68,71.02,0
1,1,15:26:00,19.79,19.92,19.65,71.34,71.67,71.02,0
1,1,15:26:01,19.79,19.92,19.66,71.34,71.68,71.01,0
1,1,15:26:03,19.79,19.91,19.66,71.34,71.67,71.01,0
1,1,15:26:04,19.79,19.92,19.65,71.34,71.66,71.02,0
1,1,15:26:05,19.78,19.91,19.65,71.34,71.67,71.02,0
1,1,15:26:07,19.78,19.91,19.65,71.36,71.68,71.04,0
1,1,15:26:08,19.79,19.92,19.65,71.36,71.68,71.04,0
1,1,15:26:09,19.79,19.92,19.66,71.36,71.68,71.03,0
1,1,15:26:10,19.79,19.91,19.66,71.36,71.68,71.04,0
1,1,15:26:12,19.79,19.92,19.66,71.36,71.67,71.05,0
1,1,15:26:13,19.79,19.91,19.66,71.37,71.69,71.04,0
1,1,15:26:14,19.79,19.92,19.66,71.36,71.68,71.04,0
1,1,15:26:16,19.79,19.91,19.67,71.37,71.68,71.06,0
1,1,15:26:17,19.79,19.91,19.66,71.37,71.68,71.05,0
1,1,15:26:18,19.79,19.91,19.67,71.37,71.68,71.05,0
1,1,15:26:20,19.79,19.91,19.66,71.38,71.68,71.07,0
1,1,15:26:21,19.8,19.93,19.66,71.37,71.68,71.05,0
1,1,15:26:22,19.79,19.91,19.66,71.38,71.68,71.07,0
1,1,15:26:23,19.79,19.91,19.67,71.38,71.68,71.07,0
1,1,15:26:25,19.79,19.91,19.67,71.38,71.69,71.07,0
1,1,15:26:26,19.79,19.91,19.66,71.38,71.69,71.08,0
1,1,15:26:27,19.79,19.91,19.66,71.38,71.69,71.08,0
1,1,15:26:29,19.79,19.92,19.66,71.38,71.69,71.08,0
1,1,15:26:30,19.79,19.91,19.66,71.39,71.7,71.08,0
1,1,15:26:31,19.8,19.92,19.67,71.38,71.69,71.08,0
1,1,15:26:33,19.79,19.92,19.66,71.4,71.7,71.09,0
1,1,15:26:34,19.79,19.92,19.66,71.4,71.7,71.1,0
1,1,15:26:35,19.79,19.91,19.67,71.4,71.7,71.1,0
1,1,15:26:37,19.79,19.91,19.66,71.39,71.67,71.11,0
1,1,15:26:38,19.79,19.91,19.67,71.41,71.7,71.11,0
1,1,15:26:39,19.8,19.93,19.66,71.41,71.71,71.1,0
1,1,15:26:40,19.8,19.92,19.67,71.41,71.71,71.11,0
1,1,15:26:42,19.79,19.91,19.66,71.41,71.72,71.11,0
1,1,15:26:43,19.79,19.92,19.66,71.41,71.7,71.12,0
1,1,15:26:44,19.8,19.92,19.67,71.42,71.72,71.13,0
1,1,15:26:46,19.8,19.92,19.67,71.42,71.71,71.14,0
1,1,15:26:47,19.79,19.92,19.66,71.44,71.72,71.15,0
1,1,15:26:48,19.79,19.92,19.66,71.44,71.71,71.16,0
1,1,15:26:50,19.8,19.92,19.67,71.44,71.73,71.16,0
1,1,15:26:51,19.8,19.92,19.67,71.44,71.72,71.17,0
1,1,15:26:52,19.79,19.92,19.66,71.44,71.72,71.17,0
1,1,15:26:54,19.79,19.92,19.66,71.45,71.73,71.17,0
1,1,15:26:55,19.8,19.92,19.67,71.46,71.73,71.18,0
1,1,15:26:56,19.8,19.92,19.67,71.46,71.73,71.18,0
1,1,15:26:57,19.79,19.92,19.66,71.45,71.72,71.19,0
1,1,15:26:59,19.8,19.91,19.68,71.47,71.74,71.2,0
1,1,15:27:00,19.8,19.92,19.67,71.47,71.74,71.2,0
1,1,15:27:01,19.8,19.92,19.67,71.47,71.73,71.2,0
1,1,15:27:03,19.8,19.92,19.67,71.47,71.74,71.19,0
1,1,15:27:04,19.8,19.92,19.67,71.47,71.74,71.19,0
1,1,15:27:05,19.8,19.92,19.67,71.47,71.73,71.2,0
1,1,15:27:07,19.8,19.92,19.67,71.48,71.76,71.2,0
1,1,15:27:08,19.8,19.93,19.67,71.48,71.75,71.21,0
1,1,15:27:09,19.79,19.92,19.66,71.47,71.75,71.19,0
1,1,15:27:10,19.8,19.93,19.67,71.47,71.75,71.2,0
1,1,15:27:12,19.8,19.92,19.67,71.47,71.75,71.2,0
1,1,15:27:13,19.8,19.92,19.67,71.48,71.76,71.21,0
1,1,15:27:14,19.8,19.92,19.67,71.48,71.76,71.2,0
1,1,15:27:16,19.8,19.92,19.67,71.47,71.74,71.2,0
1,1,15:27:17,19.8,19.92,19.67,71.48,71.75,71.21,0
1,1,15:27:18,19.8,19.92,19.67,71.49,71.76,71.22,0
1,1,15:27:20,19.8,19.92,19.67,71.48,71.76,71.21,0
1,1,15:27:21,19.8,19.92,19.67,71.49,71.76,71.22,0
1,1,15:27:22,19.8,19.92,19.67,71.5,71.77,71.23,0
1,1,15:27:24,19.8,19.92,19.67,71.5,71.78,71.22,0
1,1,15:27:25,19.8,19.92,19.67,71.51,71.78,71.24,0
1,1,15:27:26,19.8,19.92,19.67,71.51,71.78,71.24,0
1,1,15:27:27,19.8,19.92,19.67,71.52,71.79,71.24,0
1,1,15:27:29,19.8,19.92,19.67,71.5,71.77,71.24,0
1,1,15:27:30,19.8,19.92,19.67,71.5,71.75,71.26,0
1,1,15:27:31,19.8,19.92,19.67,71.52,71.78,71.26,0
1,1,15:27:33,19.8,19.92,19.67,71.52,71.78,71.25,0
1,1,15:27:34,19.8,19.92,19.67,71.53,71.8,71.26,0
1,1,15:27:35,19.8,19.93,19.67,71.53,71.78,71.27,0
1,1,15:27:37,19.8,19.92,19.67,71.53,71.8,71.25,0
1,1,15:27:38,19.8,19.93,19.67,71.53,71.8,71.25,0
1,1,15:27:39,19.8,19.93,19.67,71.53,71.8,71.26,0
1,1,15:27:41,19.8,19.92,19.68,71.53,71.8,71.26,0
1,1,15:27:42,19.8,19.92,19.67,71.53,71.8,71.25,0
1,1,15:27:43,19.8,19.92,19.67,71.54,71.81,71.27,0
1,1,15:27:44,19.8,19.92,19.67,71.53,71.82,71.25,0
1,1,15:27:46,19.8,19.93,19.67,71.53,71.8,71.26,0
1,1,15:27:47,19.8,19.92,19.68,71.53,71.81,71.26,0
1,1,15:27:48,19.8,19.93,19.68,71.54,71.82,71.26,0
1,1,15:27:50,19.8,19.92,19.68,71.54,71.82,71.27,0
1,1,15:27:51,19.8,19.92,19.67,71.55,71.83,71.27,0
1,1,15:27:52,19.8,19.93,19.68,71.54,71.82,71.27,0
1,1,15:27:54,19.8,19.93,19.67,71.54,71.81,71.27,0
1,1,15:27:55,19.8,19.92,19.67,71.55,71.82,71.28,0
1,1,15:27:56,19.8,19.92,19.67,71.55,71.82,71.28,0
1,1,15:27:57,19.8,19.93,19.68,71.55,71.82,71.28,0
1,1,15:27:59,19.8,19.92,19.67,71.55,71.82,71.28,0
1,1,15:28:00,19.8,19.92,19.67,71.55,71.82,71.28,0
1,1,15:28:01,19.8,19.92,19.67,71.56,71.84,71.29,0
1,1,15:28:03,19.8,19.93,19.67,71.55,71.81,71.29,0
1,1,15:28:04,19.8,19.92,19.67,71.57,71.84,71.3,0
1,1,15:28:05,19.8,19.92,19.67,71.58,71.84,71.31,0
1,1,15:28:07,19.8,19.93,19.68,71.58,71.84,71.31,0
1,1,15:28:08,19.8,19.93,19.67,71.58,71.84,71.31,0
1,1,15:28:09,19.8,19.93,19.68,71.58,71.85,71.32,0
1,1,15:28:11,19.8,19.93,19.67,71.58,71.85,71.31,0
1,1,15:28:12,19.8,19.92,19.67,71.58,71.85,71.32,0
1,1,15:28:13,19.81,19.94,19.68,71.59,71.85,71.34,0
1,1,15:28:14,19.8,19.93,19.67,71.6,71.86,71.34,0
1,1,15:28:16,19.8,19.93,19.68,71.6,71.86,71.34,0
1,1,15:28:17,19.8,19.93,19.68,71.61,71.86,71.36,0
1,1,15:28:18,19.8,19.92,19.68,71.61,71.88,71.35,0
1,1,15:28:20,19.8,19.93,19.68,71.62,71.88,71.36,0
1,1,15:28:21,19.8,19.93,19.67,71.62,71.87,71.36,0
1,1,15:28:22,19.8,19.92,19.67,71.62,71.87,71.38,0
1,1,15:28:24,19.8,19.92,19.67,71.63,71.89,71.38,0
1,1,15:28:25,19.8,19.93,19.68,71.62,71.87,71.38,0
1,1,15:28:26,19.8,19.92,19.68,71.63,71.88,71.38,0
1,1,15:28:27,19.8,19.93,19.68,71.63,71.89,71.38,0
1,1,15:28:29,19.8,19.93,19.68,71.64,71.9,71.38,0
1,1,15:28:30,19.8,19.93,19.68,71.64,71.9,71.38,0
1,1,15:28:31,19.8,19.92,19.68,71.65,71.9,71.39,0
1,1,15:28:33,19.8,19.93,19.68,71.66,71.93,71.38,0
1,1,15:28:34,19.8,19.93,19.67,71.66,71.92,71.39,0
1,1,15:28:35,19.8,19.93,19.68,71.65,71.92,71.38,0
1,1,15:28:37,19.8,19.93,19.68,71.66,71.92,71.39,0
1,1,15:28:38,19.8,19.93,19.68,71.66,71.93,71.38,0
1,1,15:28:39,19.8,19.93,19.68,71.66,71.93,71.39,0
1,1,15:28:41,19.8,19.93,19.68,71.66,71.93,71.39,0
1,1,15:28:42,19.8,19.93,19.68,71.66,71.94,71.38,0
1,1,15:28:43,19.8,19.93,19.67,71.66,71.93,71.38,0
1,1,15:28:44,19.8,19.92,19.68,71.66,71.94,71.39,0
1,1,15:28:46,19.8,19.93,19.68,71.66,71.93,71.39,0
1,1,15:28:47,19.8,19.93,19.68,71.66,71.93,71.39,0
1,1,15:28:48,19.8,19.93,19.68,71.66,71.94,71.39,0
1,1,15:28:50,19.8,19.93,19.68,71.67,71.94,71.4,0
1,1,15:28:51,19.8,19.93,19.68,71.67,71.93,71.41,0
1,1,15:28:52,19.81,19.93,19.69,71.67,71.94,71.4,0
1,1,15:28:54,19.8,19.93,19.68,71.67,71.94,71.41,0
1,1,15:28:55,19.8,19.93,19.68,71.66,71.93,71.38,0
1,1,15:28:56,19.81,19.93,19.69,71.68,71.95,71.4,0
1,1,15:28:57,19.8,19.93,19.68,71.66,71.94,71.39,0
1,1,15:28:59,19.8,19.93,19.68,71.67,71.94,71.4,0
1,1,15:29:00,19.81,19.94,19.68,71.66,71.93,71.39,0
1,1,15:29:01,19.8,19.93,19.68,71.67,71.95,71.39,0
1,1,15:29:03,19.8,19.93,19.68,71.69,71.96,71.42,0
1,1,15:29:04,19.8,19.93,19.68,71.69,71.96,71.42,0
1,1,15:29:05,19.81,19.94,19.68,71.68,71.95,71.41,0
1,1,15:29:07,19.8,19.93,19.68,71.69,71.96,71.41,0
1,1,15:29:08,19.8,19.93,19.68,71.69,71.96,71.42,0
1,1,15:29:09,19.8,19.93,19.68,71.69,71.96,71.41,0
1,1,15:29:11,19.8,19.93,19.68,71.69,71.97,71.42,0
1,1,15:29:12,19.81,19.94,19.68,71.69,71.97,71.42,0
1,1,15:29:13,19.8,19.93,19.68,71.69,71.96,71.42,0
1,1,15:29:14,19.81,19.93,19.69,71.69,71.97,71.42,0
1,1,15:29:16,19.81,19.94,19.68,71.71,71.98,71.44,0
1,1,15:29:17,19.8,19.93,19.68,71.7,71.97,71.44,0
1,1,15:29:18,19.8,19.93,19.68,71.7,71.97,71.44,0
1,1,15:29:20,19.82,19.94,19.69,71.71,71.98,71.44,0
1,1,15:29:21,19.8,19.93,19.68,71.72,72.0,71.44,0
1,1,15:29:22,19.8,19.93,19.68,71.72,71.97,71.46,0
1,1,15:29:24,19.8,19.93,19.68,71.73,72.0,71.47,0
1,1,15:29:25,19.81,19.93,19.69,71.73,72.0,71.46,0
1,1,15:29:26,19.81,19.93,19.69,71.72,71.98,71.47,0
1,1,15:29:27,19.8,19.93,19.68,71.73,71.99,71.48,0
1,1,15:29:29,19.82,19.94,19.69,71.73,71.99,71.47,0
1,1,15:29:30,19.81,19.94,19.68,71.73,71.99,71.48,0
1,1,15:29:31,19.82,19.94,19.69,71.75,71.99,71.5,0
1,1,15:29:33,19.81,19.94,19.68,71.75,72.0,71.49,0
1,1,15:29:34,19.81,19.93,19.69,71.75,72.0,71.51,25
1,1,15:29:35,19.81,19.94,19.68,71.75,72.0,71.51,25
1,1,15:29:37,19.8,19.93,19.68,71.76,72.01,71.51,25
1,1,15:29:38,19.81,19.94,19.68,71.77,72.01,71.52,25
1,1,15:29:39,19.81,19.94,19.68,71.77,72.01,71.52,25
1,1,15:29:41,19.81,19.94,19.68,71.77,72.01,71.52,25
1,1,15:29:42,19.81,19.94,19.68,71.77,72.01,71.53,25
1,1,15:29:43,19.81,19.94,19.68,71.76,72.0,71.52,25
1,1,15:29:44,19.82,19.94,19.69,71.78,72.02,71.53,25
1,1,15:29:46,19.81,19.94,19.68,71.78,72.02,71.53,25
1,1,15:29:47,19.81,19.94,19.68,71.78,72.03,71.52,25
1,1,15:29:48,19.82,19.94,19.69,71.77,72.01,71.53,25
1,1,15:29:50,19.8,19.93,19.68,71.78,72.03,71.53,25
1,1,15:29:51,19.82,19.94,19.69,71.78,72.04,71.53,25
1,1,15:29:52,19.82,19.94,19.69,71.78,72.04,71.53,25
1,1,15:29:54,19.82,19.94,19.69,71.78,72.03,71.52,25
1,1,15:29:55,19.81,19.94,19.68,71.78,72.03,71.53,25
1,1,15:29:56,19.82,19.94,19.69,71.79,72.04,71.54,25
1,1,15:29:57,19.82,19.94,19.69,71.79,72.04,71.54,25
1,1,15:29:59,19.81,19.94,19.68,71.78,72.04,71.53,25
1,1,15:30:00,19.82,19.94,19.69,71.8,72.05,71.55,25
1,1,15:30:01,19.82,19.94,19.69,71.79,72.04,71.54,25
1,1,15:30:03,19.82,19.94,19.69,71.79,72.03,71.55,25
1,1,15:30:04,19.82,19.94,19.69,71.8,72.05,71.54,25
1,1,15:30:05,19.81,19.94,19.68,71.81,72.05,71.56,25
1,1,15:30:07,19.82,19.94,19.69,71.81,72.06,71.55,25
1,1,15:30:08,19.82,19.94,19.69,71.8,72.05,71.55,25
1,1,15:30:09,19.81,19.94,19.68,71.81,72.06,71.55,25
1,1,15:30:11,19.81,19.94,19.68,71.81,72.07,71.54,25
1,1,15:30:12,19.82,19.94,19.69,71.81,72.06,71.55,25
1,1,15:30:13,19.82,19.94,19.69,71.81,72.06,71.55,25
1,1,15:30:14,19.81,19.94,19.68,71.81,72.06,71.55,25
1,1,15:30:16,19.81,19.94,19.68,71.8,72.06,71.54,25
1,1,15:30:17,19.82,19.94,19.69,71.81,72.08,71.54,25
1,1,15:30:18,19.82,19.94,19.69,71.81,72.06,71.56,25
1,1,15:30:20,19.82,19.94,19.69,71.82,72.09,71.55,25
1,1,15:30:21,19.8,19.93,19.68,71.82,72.08,71.56,25
1,1,15:30:22,19.82,19.94,19.69,71.82,72.08,71.56,25
1,1,15:30:24,19.81,19.94,19.68,71.83,72.09,71.56,25
1,1,15:30:25,19.81,19.94,19.68,71.83,72.09,71.56,25
1,1,15:30:26,19.81,19.94,19.68,71.84,72.11,71.57,25
1,1,15:30:27,19.81,19.94,19.68,71.84,72.09,71.58,25
1,1,15:30:29,19.82,19.94,19.69,71.84,72.09,71.59,25
1,1,15:30:30,19.82,19.94,19.69,71.84,72.09,71.58,25
1,1,15:30:31,19.81,19.94,19.68,71.84,72.1,71.58,25
1,1,15:30:33,19.81,19.94,19.68,71.86,72.12,71.59,25
1,1,15:30:34,19.81,19.94,19.68,71.86,72.12,71.59,25
1,1,15:30:35,19.81,19.94,19.68,71.85,72.12,71.58,25
1,1,15:30:37,19.82,19.94,19.69,71.86,72.12,71.6,25
1,1,15:30:38,19.82,19.95,19.69,71.87,72.13,71.61,25
1,1,15:30:39,19.81,19.94,19.68,71.88,72.13,71.62,25
1,1,15:30:41,19.82,19.94,19.69,71.88,72.14,71.62,25
1,1,15:30:42,19.82,19.94,19.69,71.9,72.15,71.64,25
1,1,15:30:43,19.82,19.94,19.69,71.9,72.14,71.65,25
1,1,15:30:44,19.82,19.94,19.69,71.9,72.14,71.66,25
1,1,15:30:46,19.82,19.94,19.69,71.91,72.15,71.66,25
1,1,15:30:47,19.81,19.94,19.68,71.9,72.14,71.66,25
1,1,15:30:48,19.82,19.95,19.69,71.91,72.16,71.66,25
1,1,15:30:50,19.81,19.95,19.68,71.92,72.17,71.67,25
1,1,15:30:51,19.82,19.95,19.69,71.91,72.17,71.66,25
1,1,15:30:52,19.81,19.95,19.68,71.92,72.17,71.67,25
1,1,15:30:54,19.82,19.95,19.69,71.94,72.19,71.68,25
1,1,15:30:55,19.82,19.94,19.69,71.94,72.2,71.69,25
1,1,15:30:56,19.82,19.95,19.69,71.94,72.19,71.68,25
1,1,15:30:57,19.82,19.94,19.69,71.94,72.2,71.68,25
1,1,15:30:59,19.82,19.94,19.69,71.94,72.2,71.68,25
1,1,15:31:00,19.82,19.94,19.69,71.94,72.2,71.69,25
1,1,15:31:01,19.82,19.94,19.69,71.95,72.21,71.69,25
1,1,15:31:03,19.82,19.94,19.69,71.95,72.21,71.7,25
1,1,15:31:04,19.82,19.94,19.69,71.95,72.21,71.7,25
1,1,15:31:05,19.81,19.94,19.68,71.97,72.22,71.71,25
1,1,15:31:07,19.82,19.94,19.69,71.97,72.22,71.71,25
1,1,15:31:08,19.82,19.94,19.69,71.97,72.23,71.71,25
1,1,15:31:09,19.82,19.94,19.69,71.97,72.23,71.7,25
1,1,15:31:11,19.81,19.93,19.69,75.4,75.63,75.17,25
1,1,15:31:12,19.82,19.94,19.7,75.41,75.64,75.17,25
1,1,15:31:13,19.83,19.95,19.71,75.41,75.65,75.17,25
1,1,15:31:14,19.84,19.96,19.71,75.41,75.64,75.17,25
1,1,15:31:16,19.84,19.96,19.72,75.4,75.65,75.15,25
1,1,15:31:17,19.84,19.96,19.73,75.41,75.63,75.18,25
1,1,15:31:18,19.85,19.97,19.73,75.4,75.63,75.17,25
1,1,15:31:20,19.85,19.97,19.73,75.39,75.63,75.16,25
1,1,15:31:21,19.86,19.98,19.73,75.4,75.63,75.17,25
1,1,15:31:22,19.87,19.98,19.75,75.4,75.63,75.17,25
1,1,15:31:24,19.86,19.98,19.74,75.4,75.62,75.17,25
1,1,15:31:25,19.86,19.98,19.74,75.39,75.63,75.16,25
1,1,15:31:26,19.86,19.99,19.74,75.39,75.62,75.16,25
1,1,15:31:27,19.86,19.99,19.74,75.39,75.62,75.15,25
1,1,15:31:29,19.87,19.99,19.75,75.39,75.61,75.17,25
1,1,15:31:30,19.86,19.99,19.74,75.39,75.63,75.16,25
1,1,15:31:31,19.87,19.99,19.75,75.39,75.63,75.16,25
1,1,15:31:33,19.88,20.0,19.75,75.39,75.62,75.15,25
1,1,15:31:34,19.87,19.99,19.75,75.39,75.62,75.15,25
1,1,15:31:35,19.88,19.99,19.76,75.38,75.6,75.15,25
1,1,15:31:37,19.88,20.0,19.75,75.4,75.62,75.17,25
1,1,15:31:38,19.88,20.0,19.75,75.38,75.61,75.16,25
1,1,15:31:39,19.88,20.0,19.76,75.38,75.6,75.17,25
1,1,15:31:41,19.88,20.0,19.75,75.38,75.61,75.16,25
1,1,15:31:42,19.88,20.0,19.75,75.38,75.61,75.16,25
1,1,15:31:43,19.88,20.0,19.76,75.4,75.62,75.17,25
1,1,15:31:44,19.88,20.0,19.76,75.38,75.6,75.16,25
1,1,15:31:46,19.88,20.0,19.76,75.38,75.6,75.16,25
1,1,15:31:47,19.88,20.0,19.76,75.38,75.61,75.15,25
1,1,15:31:48,19.88,20.0,19.75,75.38,75.61,75.15,25
1,1,15:31:50,19.88,20.0,19.75,75.38,75.61,75.16,25
1,1,15:31:51,19.88,20.0,19.75,75.38,75.59,75.16,25
1,1,15:31:52,19.89,20.01,19.76,75.38,75.61,75.15,25
1,1,15:31:54,19.89,20.01,19.76,75.38,75.61,75.14,25
1,1,15:31:55,19.89,20.01,19.76,75.38,75.59,75.16,25
1,1,15:31:56,19.88,20.0,19.76,75.38,75.61,75.14,25
1,1,15:31:57,19.89,20.01,19.76,75.38,75.6,75.15,25
1,1,15:31:59,19.89,20.01,19.76,75.36,75.59,75.13,25
1,1,15:32:00,19.89,20.02,19.76,75.36,75.59,75.13,25
1,1,15:32:01,19.89,20.01,19.76,75.37,75.59,75.14,25
1,1,15:32:03,19.89,20.01,19.76,75.35,75.58,75.13,25
1,1,15:32:04,19.89,20.02,19.76,75.36,75.59,75.13,25
1,1,15:32:05,19.89,20.01,19.76,75.36,75.59,75.13,25
1,1,15:32:07,19.89,20.01,19.76,75.35,75.57,75.13,25
1,1,15:32:08,19.89,20.02,19.76,75.35,75.58,75.12,25
1,1,15:32:09,19.89,20.02,19.76,75.35,75.58,75.13,25
1,1,15:32:11,19.89,20.02,19.77,75.36,75.6,75.13,25
1,1,15:32:12,19.89,20.01,19.76,75.35,75.58,75.12,25
1,1,15:32:13,19.89,20.02,19.76,75.36,75.6,75.13,25
1,1,15:32:14,19.89,20.02,19.76,75.36,75.6,75.13,25
1,1,15:32:16,19.89,20.02,19.76,75.35,75.58,75.13,25
1,1,15:32:17,19.89,20.02,19.76,75.36,75.59,75.13,25
1,1,15:32:18,19.89,20.02,19.77,75.36,75.59,75.13,25
1,1,15:32:20,19.89,20.02,19.76,75.35,75.58,75.12,25
1,1,15:32:21,19.89,20.02,19.77,75.35,75.58,75.12,25
1,1,15:32:22,19.89,20.02,19.77,75.35,75.59,75.11,25
1,1,15:32:24,19.89,20.02,19.77,75.34,75.57,75.12,25
1,1,15:32:25,19.89,20.02,19.77,75.33,75.56,75.1,25
1,1,15:32:26,19.89,20.02,19.77,75.35,75.58,75.12,25
1,1,15:32:27,19.89,20.02,19.76,75.35,75.58,75.12,25
1,1,15:32:29,19.89,20.02,19.77,75.34,75.56,75.11,25
1,1,15:32:30,19.89,20.01,19.76,75.34,75.57,75.11,25
1,1,15:32:31,19.89,20.01,19.76,75.34,75.57,75.12,25
1,1,15:32:33,19.89,20.01,19.77,75.34,75.56,75.12,25
1,1,15:32:34,19.89,20.02,19.76,75.34,75.56,75.11,25
1,1,15:32:35,19.89,20.02,19.77,75.33,75.57,75.1,25
1,1,15:32:37,19.89,20.02,19.76,75.33,75.56,75.1,25
1,1,15:32:38,19.89,20.02,19.77,75.33,75.56,75.1,25
1,1,15:32:39,19.89,20.02,19.77,75.33,75.56,75.1,25
1,1,15:32:41,19.89,20.02,19.76,75.32,75.54,75.1,25
1,1,15:32:42,19.89,20.01,19.76,75.34,75.56,75.11,25
1,1,15:32:43,19.89,20.01,19.76,75.33,75.56,75.1,25
1,1,15:32:44,19.89,20.02,19.76,75.34,75.56,75.11,25
1,1,15:32:46,19.89,20.01,19.77,75.34,75.56,75.11,25
1,1,15:32:47,19.89,20.02,19.76,75.33,75.56,75.09,25
1,1,15:32:48,19.89,20.02,19.76,75.32,75.55,75.1,25
1,1,15:32:50,19.9,20.03,19.76,75.32,75.57,75.08,25
1,1,15:32:51,19.89,20.02,19.77,75.33,75.56,75.09,25
1,1,15:32:52,19.89,20.02,19.77,75.31,75.54,75.08,25
1,1,15:32:54,19.89,20.02,19.77,75.33,75.56,75.09,25
1,1,15:32:55,19.89,20.02,19.77,75.32,75.55,75.09,25
1,1,15:32:56,19.89,20.02,19.76,75.31,75.54,75.09,25
1,1,15:32:57,19.89,20.02,19.77,75.31,75.54,75.09,25
1,1,15:32:59,19.9,20.03,19.77,75.31,75.53,75.08,25
1,1,15:33:00,19.89,20.02,19.77,75.31,75.54,75.08,25
1,1,15:33:01,19.9,20.03,19.77,75.31,75.55,75.08,25
1,1,15:33:03,19.89,20.02,19.76,75.31,75.54,75.08,25
1,1,15:33:04,19.89,20.02,19.77,75.32,75.56,75.08,25
1,1,15:33:05,19.9,20.03,19.77,75.32,75.56,75.08,25
1,1,15:33:07,19.89,20.02,19.77,75.31,75.54,75.09,25
1,1,15:33:08,19.89,20.02,19.77,75.31,75.55,75.08,25
1,1,15:33:09,19.89,20.02,19.77,75.32,75.55,75.09,25
1,1,15:33:11,19.9,20.03,19.77,75.31,75.54,75.09,25
1,1,15:33:12,19.9,20.03,19.77,75.33,75.56,75.09,25
1,1,15:33:13,19.91,20.03,19.78,75.32,75.55,75.09,25
1,1,15:33:14,19.9,20.03,19.76,75.31,75.54,75.09,25
1,1,15:33:16,19.9,20.03,19.77,75.32,75.55,75.1,25
1,1,15:33:17,19.89,20.02,19.77,75.31,75.54,75.09,25
1,1,15:33:18,19.9,20.03,19.77,75.32,75.55,75.1,25
1,1,15:33:20,19.9,20.03,19.77,75.32,75.55,75.1,25
1,1,15:33:21,19.9,20.03,19.76,75.32,75.54,75.1,25
1,1,15:33:22,19.9,20.03,19.77,75.33,75.56,75.09,25
1,1,15:33:24,19.9,20.03,19.76,75.33,75.56,75.1,25
1,1,15:33:25,19.89,20.02,19.77,75.31,75.54,75.09,25
1,1,15:33:26,19.89,20.02,19.77,75.31,75.54,75.09,25
1,1,15:33:27,19.9,20.03,19.77,75.33,75.56,75.09,25
1,1,15:33:29,19.9,20.03,19.77,75.31,75.54,75.09,25
1,1,15:33:30,19.9,20.03,19.77,75.31,75.55,75.08,25
1,1,15:33:31,19.9,20.03,19.77,75.31,75.54,75.08,25
1,1,15:33:33,19.9,20.03,19.77,75.32,75.55,75.09,25
1,1,15:33:34,19.9,20.03,19.77,75.31,75.54,75.08,25
1,1,15:33:35,19.91,20.03,19.78,75.32,75.55,75.09,25
1,1,15:33:37,19.89,20.02,19.77,75.31,75.54,75.08,25
1,1,15:33:38,19.9,20.03,19.77,75.32,75.55,75.09,25
1,1,15:33:39,19.9,20.03,19.77,75.33,75.56,75.09,25
1,1,15:33:41,19.89,20.02,19.77,75.31,75.54,75.07,25
1,1,15:33:42,19.9,20.03,19.77,75.32,75.55,75.09,25
1,1,15:33:43,19.89,20.02,19.77,75.31,75.54,75.07,25
1,1,15:33:44,19.9,20.02,19.78,75.31,75.54,75.07,25
1,1,15:33:46,19.91,20.03,19.78,75.31,75.54,75.08,25
1,1,15:33:47,19.9,20.03,19.77,75.28,75.49,75.06,25
1,1,15:33:48,19.89,20.02,19.77,75.31,75.54,75.07,25
1,1,15:33:50,19.91,20.03,19.78,75.3,75.54,75.06,25
1,1,15:33:51,19.9,20.03,19.77,75.29,75.51,75.07,25
1,1,15:33:52,19.89,20.02,19.77,75.3,75.54,75.06,25
1,1,15:33:54,19.91,20.03,19.78,75.31,75.53,75.08,25
1,1,15:33:55,19.89,20.02,19.77,75.3,75.53,75.07,25
1,1,15:33:56,19.89,20.02,19.77,75.3,75.53,75.07,25
1,1,15:33:57,19.89,20.02,19.77,75.31,75.53,75.08,25
1,1,15:33:59,19.91,20.03,19.78,75.31,75.53,75.08,25
1,1,15:34:00,19.9,20.02,19.78,75.31,75.53,75.08,25
1,1,15:34:01,19.91,20.03,19.78,75.31,75.52,75.09,25
1,1,15:34:03,19.91,20.03,19.78,75.31,75.53,75.08,25
1,1,15:34:04,19.91,20.03,19.78,75.31,75.53,75.08,25
1,1,15:34:05,19.91,20.03,19.78,75.29,75.51,75.07,25
1,1,15:34:07,19.91,20.03,19.78,75.31,75.53,75.08,25
1,1,15:34:08,19.91,20.03,19.78,75.3,75.52,75.08,25
1,1,15:34:09,19.91,20.03,19.78,75.3,75.52,75.08,25
1,1,15:34:11,19.91,20.03,19.78,75.29,75.52,75.07,25
1,1,15:34:12,19.91,20.03,19.78,75.29,75.51,75.07,25
1,1,15:34:13,19.91,20.04,19.77,75.31,75.52,75.09,25
1,1,15:34:14,19.91,20.03,19.78,75.31,75.53,75.08,25
1,1,15:34:16,19.91,20.03,19.78,75.3,75.52,75.08,25
1,1,15:34:17,19.91,20.04,19.78,75.31,75.53,75.1,25
1,1,15:34:18,19.91,20.03,19.78,75.3,75.51,75.09,25
1,1,15:34:20,19.91,20.04,19.78,75.3,75.51,75.09,25
1,1,15:34:21,19.91,20.03,19.78,75.31,75.53,75.08,25
1,1,15:34:22,19.9,20.03,19.77,75.3,75.52,75.08,25
1,1,15:34:24,19.91,20.03,19.78,75.3,75.5,75.09,25
1,1,15:34:25,19.91,20.03,19.78,75.3,75.52,75.08,25
1,1,15:34:26,19.9,20.03,19.77,75.3,75.51,75.09,25
1,1,15:34:27,19.91,20.03,19.78,75.3,75.51,75.09,25
1,1,15:34:29,19.91,20.04,19.79,75.3,75.52,75.08,25
1,1,15:34:30,19.91,20.03,19.78,75.31,75.53,75.09,25
1,1,15:34:31,19.91,20.03,19.78,75.3,75.52,75.08,25
1,1,15:34:33,19.91,20.03,19.79,75.3,75.52,75.08,25
1,1,15:34:34,19.91,20.03,19.78,75.3,75.52,75.08,25
1,1,15:34:35,19.91,20.03,19.78,75.29,75.51,75.07,25
1,1,15:34:37,19.91,20.04,19.78,75.29,75.52,75.07,25
1,1,15:34:38,19.91,20.03,19.79,75.29,75.52,75.07,25
1,1,15:34:39,19.91,20.03,19.78,75.3,75.51,75.08,25
1,1,15:34:40,19.91,20.03,19.78,75.3,75.53,75.07,25
1,1,15:34:42,19.91,20.03,19.78,75.31,75.53,75.08,25
1,1,15:34:43,19.91,20.04,19.78,75.29,75.52,75.06,25
1,1,15:34:44,19.91,20.03,19.78,75.28,75.51,75.05,25
1,1,15:34:46,19.91,20.04,19.79,75.29,75.51,75.07,25
1,1,15:34:47,19.91,20.03,19.78,75.29,75.51,75.07,25
1,1,15:34:48,19.91,20.04,19.78,75.29,75.51,75.07,25
1,1,15:34:50,19.91,20.03,19.78,75.28,75.5,75.07,25
1,1,15:34:51,19.91,20.04,19.78,75.29,75.51,75.07,25
1,1,15:34:52,19.91,20.04,19.78,75.28,75.5,75.05,25
1,1,15:34:54,19.91,20.04,19.78,75.29,75.52,75.07,25
1,1,15:34:55,19.9,20.03,19.77,75.29,75.51,75.07,25
1,1,15:34:56,19.91,20.03,19.78,75.28,75.51,75.05,25
1,1,15:34:57,19.91,20.04,19.78,75.28,75.51,75.05,25
1,1,15:34:59,19.91,20.04,19.79,75.28,75.5,75.05,25
1,1,15:35:00,19.91,20.03,19.79,75.28,75.51,75.06,25
1,1,15:35:01,19.91,20.03,19.78,75.29,75.51,75.07,25
1,1,15:35:03,19.91,20.03,19.79,75.27,75.49,75.05,25
1,1,15:35:04,19.91,20.04,19.78,75.28,75.51,75.06,25
1,1,15:35:05,19.91,20.04,19.78,75.28,75.51,75.06,25
1,1,15:35:07,19.91,20.03,19.79,75.27,75.49,75.05,25
1,1,15:35:08,19.91,20.03,19.79,75.28,75.51,75.06,25
1,1,15:35:09,19.91,20.04,19.78,75.28,75.51,75.06,25
1,1,15:35:10,19.91,20.04,19.79,75.28,75.51,75.05,25
1,1,15:35:12,19.91,20.03,19.78,75.27,75.49,75.05,25
1,1,15:35:13,19.91,20.04,19.78,75.27,75.49,75.05,25
1,1,15:35:14,19.91,20.04,19.78,75.28,75.5,75.06,25
1,1,15:35:16,19.91,20.04,19.78,75.28,75.51,75.06,25
1,1,15:35:17,19.91,20.04,19.79,75.28,75.5,75.05,25
1,1,15:35:18,19.91,20.04,19.79,75.27,75.49,75.05,25
1,1,15:35:20,19.91,20.03,19.79,75.28,75.51,75.05,25
1,1,15:35:21,19.91,20.04,19.79,75.27,75.49,75.05,25
1,1,15:35:22,19.91,20.04,19.78,75.26,75.48,75.04,25
1,1,15:35:24,19.91,20.04,19.78,75.27,75.49,75.05,25
1,1,15:35:25,19.91,20.04,19.79,75.27,75.49,75.05,25
1,1,15:35:26,19.91,20.04,19.79,75.28,75.51,75.05,25
1,1,15:35:27,19.91,20.04,19.78,75.27,75.5,75.04,25
1,1,15:35:29,19.91,20.04,19.79,75.27,75.49,75.04,25
1,1,15:35:30,19.92,20.05,19.79,75.27,75.49,75.04,25
1,1,15:35:31,19.92,20.05,19.79,75.26,75.48,75.04,25
1,1,15:35:33,19.92,20.05,19.79,75.26,75.49,75.03,25
1,1,15:35:34,19.91,20.04,19.79,75.27,75.49,75.04,25
1,1,15:35:35,19.92,20.05,19.79,75.26,75.49,75.03,25
1,1,15:35:37,19.91,20.04,19.79,75.26,75.49,75.03,25
1,1,15:35:38,19.91,20.04,19.78,75.25,75.47,75.02,25
1,1,15:35:39,19.91,20.04,19.79,75.27,75.49,75.04,25
1,1,15:35:40,19.92,20.05,19.79,75.25,75.47,75.03,25
1,1,15:35:42,19.91,20.04,19.79,75.25,75.48,75.03,25
1,1,15:35:43,19.91,20.03,19.79,75.25,75.48,75.03,25
1,1,15:35:44,19.91,20.04,19.79,75.25,75.48,75.03,25
1,1,15:35:46,19.91,20.03,19.79,75.25,75.48,75.03,25
1,1,15:35:47,19.92,20.04,19.8,75.26,75.48,75.04,25
1,1,15:35:48,19.91,20.04,19.79,75.25,75.47,75.03,25
1,1,15:35:50,19.92,20.04,19.8,75.26,75.48,75.04,25
1,1,15:35:51,19.91,20.04,19.78,75.25,75.48,75.02,25
1,1,15:35:52,19.91,20.04,19.79,75.25,75.47,75.04,25
1,1,15:35:54,19.91,20.04,19.79,75.25,75.48,75.03,25
1,1,15:35:55,19.91,20.04,19.79,75.25,75.47,75.02,25
1,1,15:35:56,19.91,20.04,19.78,75.25,75.48,75.01,25
1,1,15:35:57,19.92,20.05,19.79,75.25,75.47,75.02,25
1,1,15:35:59,19.93,20.05,19.8,75.25,75.48,75.02,25
1,1,15:36:00,19.91,20.04,19.79,75.25,75.48,75.01,25
1,1,15:36:01,19.91,20.04,19.79,75.25,75.48,75.01,25
1,1,15:36:03,19.92,20.05,19.79,75.25,75.49,75.02,25
1,1,15:36:04,19.91,20.04,19.79,75.25,75.48,75.02,25
1,1,15:36:05,19.91,20.04,19.79,75.25,75.48,75.03,25
1,1,15:36:07,19.91,20.04,19.79,75.24,75.47,75.01,25
1,1,15:36:08,19.91,20.04,19.79,75.23,75.47,75.0,25
1,1,15:36:09,19.91,20.04,19.79,75.23,75.48,74.99,25
1,1,15:36:10,19.92,20.05,19.79,75.25,75.48,75.01,25
1,1,15:36:12,19.91,20.04,19.79,75.24,75.47,75.01,25
1,1,15:36:13,19.92,20.04,19.8,75.24,75.47,75.01,25
1,1,15:36:14,19.92,20.05,19.79,75.23,75.47,75.0,25
1,1,15:36:16,19.91,20.04,19.79,75.24,75.47,75.01,25
1,1,15:36:17,19.91,20.04,19.79,75.24,75.47,75.01,25
1,1,15:36:18,19.91,20.04,19.79,75.23,75.47,75.0,25
1,1,15:36:20,19.92,20.05,19.79,75.23,75.46,75.01,25
1,1,15:36:21,19.91,20.04,19.79,75.23,75.46,75.0,25
1,1,15:36:22,19.92,20.05,19.79,75.23,75.46,75.0,25
1,1,15:36:24,19.93,20.05,19.8,75.23,75.46,75.0,25
1,1,15:36:25,19.92,20.05,19.79,75.23,75.46,75.01,25
1,1,15:36:26,19.93,20.06,19.8,75.23,75.46,75.01,25
1,1,15:36:27,19.91,20.04,19.79,75.23,75.46,75.01,25
1,1,15:36:29,19.92,20.05,19.79,75.23,75.46,75.01,25
1,1,15:36:30,19.91,20.05,19.78,75.25,75.47,75.02,25
1,1,15:36:31,19.92,20.05,19.79,75.24,75.47,75.01,25
1,1,15:36:33,19.92,20.05,19.79,75.24,75.46,75.02,25
1,1,15:36:34,19.91,20.04,19.79,75.23,75.47,75.0,25
1,1,15:36:35,19.91,20.04,19.79,75.23,75.46,75.0,25
1,1,15:36:37,19.91,20.04,19.79,75.23,75.46,75.0,25
1,1,15:36:38,19.92,20.04,19.8,75.23,75.46,75.0,25
1,1,15:36:39,19.91,20.04,19.78,75.23,75.47,75.0,25
1,1,15:36:40,19.91,20.04,19.79,75.23,75.47,75.0,25
1,1,15:36:42,19.92,20.05,19.79,75.24,75.47,75.01,25
1,1,15:36:43,19.93,20.05,19.8,75.23,75.46,75.01,25
1,1,15:36:44,19.92,20.04,19.8,75.24,75.47,75.01,25
1,1,15:36:46,19.92,20.05,19.79,75.23,75.46,75.01,25
1,1,15:36:47,19.91,20.04,19.79,75.22,75.43,75.0,25
1,1,15:36:48,19.91,20.04,19.79,75.23,75.46,75.0,25
1,1,15:36:50,19.91,20.04,19.79,75.22,75.45,75.0,25
1,1,15:36:51,19.92,20.04,19.8,75.23,75.46,75.0,25
1,1,15:36:52,19.91,20.04,19.79,75.23,75.46,75.01,25
1,1,15:36:54,19.93,20.05,19.8,75.23,75.46,75.0,25
1,1,15:36:55,19.93,20.05,19.8,75.23,75.46,75.0,25
1,1,15:36:56,19.92,20.05,19.79,75.22,75.45,74.99,25
1,1,15:36:57,19.93,20.05,19.8,75.22,75.44,74.99,25
1,1,15:36:59,19.92,20.05,19.79,75.23,75.46,75.0,25
1,1,15:37:00,19.91,20.04,19.79,75.22,75.44,74.99,25
1,1,15:37:01,19.92,20.05,19.79,75.22,75.45,75.0,25
1,1,15:37:03,19.93,20.05,19.8,75.22,75.43,75.0,25
1,1,15:37:04,19.91,20.04,19.79,75.22,75.43,75.0,25
1,1,15:37:05,19.91,20.04,19.79,75.22,75.45,75.0,25
1,1,15:37:07,19.91,20.04,19.79,75.22,75.43,75.0,25
1,1,15:37:08,19.91,20.04,19.79,75.21,75.43,74.99,25
1,1,15:37:09,19.92,20.05,19.79,75.22,75.43,75.0,25
1,1,15:37:10,19.92,20.05,19.79,75.21,75.44,74.98,25
1,1,15:37:12,19.92,20.05,19.79,75.21,75.44,74.98,25
1,1,15:37:13,19.92,20.05,19.79,75.21,75.44,74.98,25
1,1,15:37:14,19.91,20.04,19.79,75.2,75.43,74.97,25
1,1,15:37:16,19.93,20.05,19.8,75.2,75.44,74.97,25
1,1,15:37:17,19.92,20.04,19.8,75.22,75.44,74.99,25
1,1,15:37:18,19.93,20.05,19.8,75.21,75.44,74.98,25
1,1,15:37:20,19.92,20.05,19.79,75.21,75.44,74.98,25
1,1,15:37:21,19.92,20.05,19.79,75.2,75.44,74.97,25
1,1,15:37:22,19.93,20.05,19.8,75.2,75.44,74.97,25
1,1,15:37:24,22.04,22.07,22.0,69.28,69.87,68.69,25
1,1,15:37:25,22.04,22.07,22.0,69.28,69.87,68.68,25
1,1,15:37:26,22.05,22.09,22.01,69.3,69.89,68.7,25
1,1,15:37:27,22.06,22.1,22.02,69.29,69.88,68.7,25
1,1,15:37:29,22.06,22.1,22.02,69.28,69.87,68.69,25
1,1,15:37:30,22.06,22.11,22.02,69.28,69.87,68.69,25
1,1,15:37:31,22.08,22.12,22.04,69.28,69.87,68.68,25
1,1,15:37:33,22.07,22.11,22.04,69.28,69.87,68.68,25
1,1,15:37:34,22.09,22.13,22.04,69.27,69.87,68.67,25
1,1,15:37:35,22.08,22.12,22.04,69.26,69.86,68.66,25
1,1,15:37:37,22.09,22.13,22.04,69.28,69.87,68.68,25
1,1,15:37:38,22.09,22.14,22.04,69.27,69.86,68.68,25
1,1,15:37:39,22.09,22.14,22.05,69.27,69.86,68.68,25
1,1,15:37:40,22.09,22.14,22.05,69.26,69.86,68.66,25
1,1,15:37:42,22.1,22.14,22.06,69.25,69.84,68.66,25
1,1,15:37:43,22.1,22.14,22.06,69.25,69.85,68.65,25
1,1,15:37:44,22.1,22.15,22.06,69.25,69.85,68.66,25
1,1,15:37:46,22.1,22.14,22.06,69.25,69.84,68.66,25
1,1,15:37:47,22.1,22.14,22.06,69.25,69.84,68.65,25
1,1,15:37:48,22.11,22.15,22.07,69.25,69.84,68.66,25
1,1,15:37:50,22.1,22.15,22.06,69.25,69.84,68.65,25
1,1,15:37:51,22.1,22.15,22.06,69.24,69.84,68.64,25
1,1,15:37:52,22.11,22.16,22.06,69.23,69.82,68.64,25
1,1,15:37:54,22.1,22.15,22.06,69.24,69.83,68.65,25
1,1,15:37:55,22.11,22.15,22.07,69.22,69.81,68.64,25
1,1,15:37:56,22.1,22.15,22.06,69.24,69.84,68.64,25
1,1,15:37:57,22.11,22.15,22.07,69.23,69.83,68.64,25
1,1,15:37:59,22.12,22.16,22.07,69.23,69.84,68.62,25
1,1,15:38:00,22.12,22.16,22.07,69.22,69.81,68.62,25
1,1,15:38:01,22.12,22.16,22.07,69.23,69.83,68.63,25
1,1,15:38:03,22.12,22.16,22.07,69.2,69.8,68.61,25
1,1,15:38:04,22.12,22.16,22.08,69.22,69.82,68.61,25
1,1,15:38:05,22.12,22.17,22.07,69.22,69.81,68.62,25
1,1,15:38:07,22.12,22.16,22.07,69.2,69.8,68.61,25
1,1,15:38:08,22.11,22.15,22.08,69.2,69.81,68.6,25
1,1,15:38:09,22.12,22.16,22.07,69.2,69.81,68.6,25
1,1,15:38:10,22.12,22.16,22.08,69.19,69.79,68.6,25
1,1,15:38:12,22.12,22.17,22.07,69.2,69.8,68.6,25
1,1,15:38:13,22.12,22.17,22.07,69.19,69.78,68.6,25
1,1,15:38:14,22.12,22.17,22.08,69.2,69.81,68.59,25
1,1,15:38:16,22.12,22.16,22.08,69.19,69.79,68.58,25
1,1,15:38:17,22.12,22.16,22.08,69.19,69.78,68.6,25
1,1,15:38:18,22.12,22.17,22.08,69.19,69.77,68.6,25
1,1,15:38:20,22.12,22.17,22.08,69.19,69.78,68.6,25
1,1,15:38:21,22.12,22.17,22.08,69.19,69.77,68.6,25
1,1,15:38:22,22.12,22.17,22.08,69.17,69.77,68.58,25
1,1,15:38:23,22.13,22.17,22.09,69.18,69.77,68.59,25
1,1,15:38:25,22.12,22.17,22.08,69.17,69.77,68.58,25
1,1,15:38:26,22.12,22.17,22.08,69.19,69.77,68.6,25
1,1,15:38:27,22.12,22.17,22.08,69.19,69.79,68.58,25
1,1,15:38:29,22.12,22.17,22.07,69.17,69.77,68.58,25
1,1,15:38:30,22.13,22.18,22.08,69.17,69.77,68.57,25
1,1,15:38:31,22.13,22.18,22.08,69.17,69.77,68.57,25
1,1,15:38:33,22.13,22.17,22.09,69.17,69.77,68.57,25
1,1,15:38:34,22.12,22.17,22.08,69.18,69.77,68.59,25
1,1,15:38:35,22.13,22.18,22.08,69.17,69.77,68.57,25
1,1,15:38:37,22.13,22.18,22.09,69.17,69.76,68.58,25
1,1,15:38:38,22.13,22.18,22.09,69.16,69.76,68.57,25
1,1,15:38:39,22.13,22.17,22.09,69.16,69.75,68.56,25
1,1,15:38:40,22.13,22.18,22.09,69.16,69.75,68.57,25
1,1,15:38:42,22.13,22.19,22.08,69.16,69.76,68.56,25
1,1,15:38:43,22.13,22.18,22.09,69.16,69.76,68.55,25
1,1,15:38:44,22.13,22.18,22.08,69.15,69.75,68.55,25
1,1,15:38:46,22.13,22.18,22.09,69.14,69.74,68.54,25
1,1,15:38:47,22.13,22.18,22.08,69.15,69.75,68.54,25
1,1,15:38:48,22.13,22.17,22.09,69.13,69.73,68.53,25
1,1,15:38:50,22.13,22.17,22.09,69.14,69.73,68.54,25
1,1,15:38:51,22.13,22.18,22.09,69.12,69.71,68.54,25
1,1,15:38:52,22.13,22.18,22.09,69.14,69.74,68.55,25
1,1,15:38:53,22.13,22.18,22.09,69.13,69.72,68.55,25
1,1,15:38:55,22.13,22.18,22.09,69.14,69.73,68.54,25
1,1,15:38:56,22.14,22.19,22.09,69.13,69.72,68.54,25
1,1,15:38:57,22.13,22.18,22.09,69.13,69.72,68.54,25
1,1,15:38:59,22.14,22.18,22.1,69.12,69.72,68.53,25
1,1,15:39:00,22.14,22.19,22.09,69.12,69.71,68.53,25
1,1,15:39:01,22.14,22.19,22.09,69.12,69.71,68.53,25
1,1,15:39:03,22.13,22.18,22.09,69.12,69.7,68.53,25
1,1,15:39:04,22.14,22.18,22.1,69.12,69.71,68.53,25
1,1,15:39:05,22.14,22.19,22.09,69.11,69.71,68.51,25
1,1,15:39:07,22.15,22.19,22.1,69.11,69.71,68.52,25
1,1,15:39:08,22.15,22.19,22.1,69.1,69.71,68.5,25
1,1,15:39:09,22.14,22.18,22.1,69.1,69.7,68.5,25
1,1,15:39:10,22.15,22.19,22.1,69.09,69.69,68.5,25
1,1,15:39:12,22.15,22.19,22.1,69.1,69.7,68.5,25
1,1,15:39:13,22.15,22.2,22.1,69.09,69.7,68.49,25
1,1,15:39:14,22.15,22.2,22.1,69.1,69.7,68.5,25
1,1,15:39:16,22.15,22.2,22.1,69.09,69.69,68.5,25
1,1,15:39:17,22.15,22.2,22.1,69.09,69.68,68.49,25
1,1,15:39:18,22.15,22.19,22.1,69.09,69.68,68.5,25
1,1,15:39:20,22.15,22.19,22.11,69.09,69.68,68.5,25
1,1,15:39:21,22.15,22.19,22.11,69.09,69.68,68.5,25
1,1,15:39:22,22.15,22.19,22.11,69.08,69.67,68.49,25
1,1,15:39:23,22.15,22.2,22.1,69.09,69.67,68.5,25
1,1,15:39:25,22.15,22.19,22.1,69.09,69.68,68.49,25
1,1,15:39:26,22.15,22.19,22.1,69.08,69.68,68.48,25
1,1,15:39:27,22.14,22.19,22.09,69.08,69.68,68.47,25
1,1,15:39:29,22.16,22.2,22.11,69.08,69.67,68.49,25
1,1,15:39:30,22.16,22.2,22.11,69.08,69.67,68.49,25
1,1,15:39:31,22.16,22.2,22.11,69.08,69.67,68.49,25
1,1,15:39:33,22.15,22.19,22.11,69.07,69.66,68.48,25
1,1,15:39:34,22.15,22.19,22.1,69.06,69.65,68.47,25
1,1,15:39:35,22.15,22.2,22.1,69.06,69.66,68.47,25
1,1,15:39:37,22.16,22.2,22.11,69.06,69.66,68.46,25
1,1,15:39:38,22.15,22.19,22.11,69.06,69.66,68.47,25
1,1,15:39:39,22.15,22.2,22.1,69.06,69.66,68.46,25
1,1,15:39:40,22.16,22.2,22.11,69.06,69.66,68.46,25
1,1,15:39:42,22.16,22.2,22.11,69.05,69.64,68.46,25
1,1,15:39:43,22.16,22.2,22.11,69.05,69.64,68.45,25
1,1,15:39:44,22.16,22.2,22.11,69.06,69.65,68.47,25
1,1,15:39:46,22.16,22.2,22.11,69.05,69.63,68.47,25
1,1,15:39:47,22.16,22.2,22.12,69.05,69.64,68.46,25
1,1,15:39:48,22.16,22.2,22.11,69.05,69.63,68.47,25
1,1,15:39:50,22.16,22.2,22.11,69.05,69.64,68.46,25
1,1,15:39:51,22.16,22.2,22.11,69.05,69.64,68.46,25
1,1,15:39:52,22.16,22.2,22.11,69.05,69.63,68.47,25
1,1,15:39:53,22.15,22.19,22.11,69.05,69.63,68.47,25
1,1,15:39:55,22.16,22.2,22.11,69.04,69.63,68.46,25
1,1,15:39:56,22.16,22.2,22.11,69.05,69.64,68.46,25
1,1,15:39:57,22.16,22.2,22.11,69.05,69.63,68.47,25
1,1,15:39:59,22.16,22.2,22.11,69.05,69.62,68.47,25
1,1,15:40:00,22.16,22.21,22.11,69.04,69.63,68.46,25
1,1,15:40:01,22.16,22.2,22.11,69.05,69.62,68.47,25
1,1,15:40:03,22.16,22.21,22.11,69.05,69.62,68.47,25
1,1,15:40:04,22.16,22.21,22.11,69.04,69.63,68.46,25
1,1,15:40:05,22.16,22.2,22.11,69.04,69.62,68.46,25
1,1,15:40:07,22.16,22.21,22.12,69.04,69.61,68.47,25
1,1,15:40:08,22.16,22.21,22.12,69.04,69.62,68.46,25
1,1,15:40:09,22.16,22.2,22.12,69.03,69.6,68.45,25
1,1,15:40:10,22.16,22.2,22.12,69.03,69.6,68.46,25
1,1,15:40:12,22.17,22.22,22.12,69.03,69.61,68.45,25
1,1,15:40:13,22.16,22.22,22.11,69.03,69.6,68.46,25
1,1,15:40:14,22.16,22.21,22.12,69.03,69.61,68.44,25
1,1,15:40:16,22.16,22.21,22.12,69.02,69.59,68.44,25
1,1,15:40:17,22.16,22.21,22.12,69.02,69.59,68.45,25
1,1,15:40:18,22.17,22.22,22.12,69.03,69.61,68.44,25
1,1,15:40:20,22.16,22.21,22.12,69.03,69.59,68.46,25
1,1,15:40:21,22.16,22.21,22.12,69.03,69.59,68.46,25
1,1,15:40:22,22.16,22.21,22.12,69.03,69.6,68.45,25
1,1,15:40:23,22.16,22.21,22.12,69.01,69.57,68.46,25
1,1,15:40:25,22.17,22.22,22.13,69.02,69.59,68.45,25
1,1,15:40:26,22.17,22.22,22.12,69.02,69.58,68.45,25
1,1,15:40:27,22.17,22.22,22.12,69.01,69.58,68.44,25
1,1,15:40:29,22.17,22.22,22.13,69.01,69.59,68.43,25
1,1,15:40:30,22.17,22.22,22.12,69.01,69.59,68.43,25
1,1,15:40:31,22.17,22.22,22.12,69.01,69.59,68.43,25
1,1,15:40:33,22.17,22.22,22.12,69.0,69.58,68.43,25
1,1,15:40:34,22.17,22.22,22.12,69.0,69.57,68.42,25
1,1,15:40:35,22.17,22.22,22.12,69.0,69.58,68.42,25
1,1,15:40:37,22.16,22.21,22.12,69.0,69.58,68.42,25
1,1,15:40:38,22.17,22.21,22.13,69.0,69.57,68.42,25
1,1,15:40:39,22.17,22.21,22.13,69.0,69.58,68.41,25
1,1,15:40:40,22.17,22.22,22.13,69.0,69.58,68.42,25
1,1,15:40:42,22.17,22.22,22.13,68.99,69.58,68.4,25
1,1,15:40:43,22.17,22.22,22.12,68.98,69.57,68.4,25
1,1,15:40:44,22.17,22.22,22.13,68.99,69.58,68.4,25
1,1,15:40:46,22.17,22.22,22.13,68.99,69.58,68.4,25
1,1,15:40:47,22.17,22.22,22.13,68.98,69.58,68.39,25
1,1,15:40:48,22.17,22.22,22.13,68.98,69.57,68.39,25
1,1,15:40:50,22.17,22.22,22.13,68.97,69.55,68.39,25
1,1,15:40:51,22.18,22.23,22.13,68.99,69.58,68.4,25
1,1,15:40:52,22.17,22.22,22.13,68.98,69.57,68.39,25
1,1,15:40:53,22.17,22.22,22.13,68.98,69.57,68.39,25
1,1,15:40:55,22.18,22.22,22.14,68.97,69.56,68.38,25
1,1,15:40:56,22.18,22.23,22.13,68.97,69.56,68.39,25
1,1,15:40:57,22.18,22.23,22.13,68.98,69.57,68.39,25
1,1,15:40:59,22.18,22.23,22.13,68.97,69.55,68.38,25
1,1,15:41:00,22.17,22.22,22.13,68.97,69.56,68.39,25
1,1,15:41:01,22.17,22.22,22.13,68.97,69.57,68.38,25
1,1,15:41:03,22.17,22.22,22.13,68.97,69.56,68.39,25
1,1,15:41:04,22.18,22.23,22.13,68.98,69.57,68.39,25
1,1,15:41:05,22.17,22.22,22.13,68.97,69.55,68.39,25
1,1,15:41:07,22.17,22.22,22.13,68.97,69.57,68.36,25
1,1,15:41:08,22.17,22.22,22.13,68.97,69.55,68.39,25
1,1,15:41:09,22.19,22.23,22.14,68.97,69.55,68.38,25
1,1,15:41:10,22.19,22.23,22.14,68.96,69.54,68.38,25
1,1,15:41:12,22.19,22.23,22.14,68.96,69.54,68.37,25
1,1,15:41:13,22.18,22.23,22.13,68.97,69.56,68.39,25
1,1,15:41:14,22.19,22.23,22.14,68.97,69.55,68.38,25
1,1,15:41:16,22.18,22.23,22.13,68.96,69.54,68.37,25
1,1,15:41:17,22.19,22.23,22.14,68.96,69.56,68.36,25
1,1,15:41:18,22.19,22.23,22.14,68.97,69.55,68.38,25
1,1,15:41:20,22.19,22.23,22.14,68.97,69.55,68.38,25
1,1,15:41:21,22.19,22.23,22.14,68.97,69.54,68.39,25
1,1,15:41:22,22.19,22.23,22.14,68.95,69.54,68.36,25
1,1,15:41:23,22.19,22.23,22.14,68.94,69.53,68.36,25
1,1,15:41:25,22.19,22.23,22.14,68.95,69.54,68.36,25
1,1,15:41:26,22.19,22.24,22.14,68.95,69.54,68.36,25
1,1,15:41:27,22.19,22.23,22.14,68.94,69.52,68.35,25
1,1,15:41:29,22.19,22.23,22.14,68.94,69.52,68.35,25
1,1,15:41:30,22.19,22.23,22.14,68.94,69.53,68.34,25
1,1,15:41:31,22.19,22.23,22.14,68.94,69.53,68.35,25
1,1,15:41:33,22.19,22.24,22.14,68.93,69.52,68.34,25
1,1,15:41:34,22.19,22.24,22.14,68.94,69.52,68.35,25
1,1,15:41:35,22.19,22.23,22.14,68.94,69.53,68.34,25
1,1,15:41:36,22.19,22.23,22.14,68.92,69.52,68.33,25
1,1,15:41:38,22.19,22.24,22.14,68.93,69.52,68.34,25
1,1,15:41:39,22.19,22.23,22.14,68.93,69.51,68.34,25
1,1,15:41:40,22.19,22.23,22.14,68.92,69.51,68.33,25
1,1,15:41:42,22.19,22.23,22.14,68.92,69.51,68.33,25
1,1,15:41:43,22.19,22.23,22.14,68.91,69.51,68.31,25
1,1,15:41:44,22.19,22.23,22.14,68.92,69.52,68.32,25
1,1,15:41:46,22.19,22.23,22.15,68.92,69.51,68.33,25
1,1,15:41:47,22.19,22.24,22.14,68.92,69.52,68.32,25
1,1,15:41:48,22.19,22.24,22.14,68.91,69.51,68.32,25
1,1,15:41:50,22.2,22.24,22.15,68.92,69.52,68.33,25
1,1,15:41:51,22.2,22.24,22.15,68.92,69.52,68.32,25
1,1,15:41:52,22.2,22.24,22.15,68.93,69.52,68.34,25
1,1,15:41:53,22.2,22.24,22.15,68.91,69.5,68.33,25
1,1,15:41:55,22.2,22.24,22.15,68.91,69.5,68.32,25
1,1,15:41:56,22.2,22.24,22.15,68.91,69.5,68.33,25
1,1,15:41:57,22.2,22.25,22.15,68.92,69.51,68.33,25
1,1,15:41:59,22.2,22.25,22.15,68.91,69.49,68.33,25
1,1,15:42:00,22.2,22.24,22.15,68.91,69.5,68.33,25
1,1,15:42:01,22.2,22.25,22.15,68.93,69.51,68.34,25
1,1,15:42:03,22.2,22.25,22.15,68.91,69.5,68.33,25
1,1,15:42:04,22.2,22.25,22.15,68.91,69.5,68.32,25
1,1,15:42:05,22.2,22.25,22.15,68.92,69.5,68.34,25
1,1,15:42:06,22.2,22.25,22.15,68.91,69.5,68.32,25
1,1,15:42:08,22.2,22.25,22.15,68.91,69.49,68.33,25
1,1,15:42:09,22.2,22.24,22.16,68.91,69.5,68.32,25
1,1,15:42:10,22.2,22.25,22.15,68.91,69.49,68.32,25
1,1,15:42:12,22.2,22.25,22.15,68.9,69.49,68.31,25
1,1,15:42:13,22.2,22.26,22.15,68.9,69.49,68.31,25
1,1,15:42:14,22.2,22.25,22.16,68.9,69.49,68.31,25
1,1,15:42:16,22.2,22.25,22.15,68.9,69.49,68.31,25
1,1,15:42:17,22.2,22.25,22.16,68.91,69.5,68.31,25
1,1,15:42:18,22.2,22.25,22.16,68.9,69.5,68.3,25
1,1,15:42:20,22.2,22.25,22.16,68.9,69.5,68.3,25
1,1,15:42:21,22.2,22.25,22.16,68.89,69.48,68.29,25
1,1,15:42:22,22.2,22.25,22.16,68.88,69.48,68.28,25
1,1,15:42:23,22.2,22.25,22.15,68.88,69.48,68.28,25
1,1,15:42:25,22.2,22.25,22.16,68.88,69.48,68.28,25
1,1,15:42:26,22.2,22.25,22.16,68.88,69.49,68.27,25
1,1,15:42:27,22.2,22.25,22.16,68.86,69.46,68.27,25
1,1,15:42:29,22.2,22.26,22.15,68.88,69.47,68.28,25
1,1,15:42:30,22.21,22.26,22.16,68.87,69.47,68.26,25
1,1,15:42:31,22.2,22.25,22.16,68.86,69.46,68.26,25
1,1,15:42:33,22.2,22.25,22.16,68.86,69.46,68.26,25
1,1,15:42:34,22.2,22.25,22.16,68.86,69.45,68.26,25
1,1,15:42:35,22.2,22.25,22.16,68.85,69.46,68.25,25
1,1,15:42:36,22.2,22.25,22.16,68.86,69.46,68.26,25
1,1,15:42:38,22.21,22.26,22.16,68.86,69.46,68.27,25
1,1,15:42:39,22.2,22.26,22.15,68.87,69.46,68.28,25
1,1,15:42:40,22.2,22.25,22.16,68.87,69.45,68.28,25
1,1,15:42:42,22.2,22.25,22.15,68.87,69.46,68.28,25
1,1,15:42:43,22.2,22.25,22.16,68.87,69.45,68.29,25
1,1,15:42:44,22.2,22.25,22.16,68.87,69.45,68.28,25
1,1,15:42:46,22.2,22.25,22.16,68.87,69.45,68.28,25
1,1,15:42:47,22.21,22.26,22.16,68.87,69.45,68.28,25
1,1,15:42:48,22.21,22.26,22.16,68.87,69.45,68.28,25
1,1,15:42:50,22.21,22.27,22.16,68.87,69.45,68.28,25
1,1,15:42:51,22.21,22.26,22.16,68.87,69.44,68.29,25
1,1,15:42:52,22.21,22.27,22.16,68.87,69.44,68.29,25
1,1,15:42:53,22.21,22.27,22.16,68.86,69.44,68.28,25
1,1,15:42:55,22.21,22.26,22.16,68.86,69.45,68.27,25
1,1,15:42:56,22.21,22.26,22.16,68.85,69.44,68.27,25
1,1,15:42:57,22.22,22.26,22.17,68.86,69.44,68.28,25
1,1,15:42:59,22.21,22.26,22.16,68.86,69.45,68.27,25
1,1,15:43:00,22.22,22.26,22.17,68.86,69.45,68.27,25
1,1,15:43:01,22.22,22.26,22.17,68.86,69.45,68.27,25
1,1,15:43:03,22.21,22.26,22.16,68.86,69.45,68.27,25
1,1,15:43:04,22.21,22.26,22.16,68.87,69.45,68.28,25
1,1,15:43:05,22.22,22.27,22.17,68.86,69.44,68.28,25
1,1,15:43:06,22.22,22.27,22.17,68.85,69.44,68.27,25
1,1,15:43:08,22.22,22.27,22.17,68.85,69.44,68.27,25
1,1,15:43:09,22.22,22.27,22.17,68.85,69.44,68.27,25
1,1,15:43:10,22.22,22.27,22.17,68.84,69.43,68.25,25
1,2,15:43:13,22.22,22.26,22.17,68.84,69.43,68.26,25
1,2,15:43:14,22.21,22.27,22.16,68.85,69.44,68.26,25
1,2,15:43:15,22.21,22.27,22.16,68.85,69.45,68.25,25
1,2,15:43:17,22.22,22.26,22.17,68.84,69.42,68.25,25
1,2,15:43:18,22.22,22.27,22.17,68.84,69.43,68.25,25
1,2,15:43:19,22.22,22.27,22.17,68.83,69.41,68.25,25
1,2,15:43:21,22.22,22.27,22.17,68.84,69.43,68.25,25
1,2,15:43:22,22.22,22.27,22.17,68.83,69.41,68.25,25
1,2,15:43:23,22.22,22.26,22.17,68.83,69.42,68.24,25
1,2,15:43:25,22.22,22.27,22.17,68.83,69.41,68.25,25
1,2,15:43:26,22.22,22.27,22.17,68.82,69.41,68.24,25
1,2,15:43:27,22.22,22.27,22.17,68.83,69.41,68.25,25
1,2,15:43:29,22.22,22.27,22.17,68.83,69.41,68.25,25
1,2,15:43:30,22.21,22.27,22.16,68.83,69.41,68.25,25
1,2,15:43:31,22.21,22.27,22.16,68.83,69.41,68.25,25
1,2,15:43:32,22.23,22.27,22.18,68.83,69.4,68.25,25
1,2,15:43:34,22.23,22.27,22.18,68.84,69.43,68.25,25
1,2,15:43:35,22.22,22.27,22.17,68.82,69.41,68.24,25
1,2,15:43:36,22.22,22.27,22.17,68.81,69.39,68.22,25
1,2,15:43:38,23.45,23.5,23.41,64.88,65.46,64.31,25
1,2,15:43:39,23.46,23.51,23.41,64.88,65.44,64.33,25
1,2,15:43:40,23.48,23.52,23.43,64.88,65.44,64.31,25
1,2,15:43:42,23.48,23.52,23.43,64.88,65.44,64.31,25
1,2,15:43:43,23.49,23.54,23.44,64.88,65.45,64.32,25
1,2,15:43:44,23.49,23.54,23.44,64.87,65.44,64.3,25
1,2,15:43:45,23.49,23.54,23.45,64.87,65.44,64.3,25
1,2,15:43:47,23.5,23.55,23.45,64.88,65.44,64.31,25
1,2,15:43:48,23.51,23.55,23.46,64.87,65.44,64.3,25
1,2,15:43:49,23.51,23.56,23.46,64.87,65.43,64.3,25
1,2,15:43:51,23.5,23.56,23.45,64.88,65.44,64.31,25
1,2,15:43:52,23.51,23.56,23.46,64.87,65.43,64.3,25
1,2,15:43:53,23.51,23.56,23.46,64.86,65.42,64.3,25
1,2,15:43:55,23.51,23.56,23.46,64.87,65.43,64.3,25
1,2,15:43:56,23.52,23.57,23.46,64.86,65.43,64.29,25
1,2,15:43:57,23.52,23.57,23.47,64.86,65.43,64.29,25
1,2,15:43:59,23.52,23.57,23.47,64.86,65.41,64.31,25
1,2,15:44:00,23.52,23.57,23.47,64.87,65.43,64.3,25
1,2,15:44:01,23.52,23.57,23.48,64.84,65.4,64.29,25
1,2,15:44:02,23.52,23.58,23.47,64.85,65.42,64.28,25
1,2,15:44:04,23.52,23.57,23.47,64.86,65.43,64.28,25
1,2,15:44:05,23.52,23.57,23.48,64.84,65.42,64.27,25
1,2,15:44:06,23.53,23.58,23.48,64.85,65.42,64.28,25
1,2,15:44:08,23.53,23.58,23.48,64.84,65.41,64.28,25
1,2,15:44:09,23.53,23.58,23.48,64.83,65.39,64.27,25
1,2,15:44:10,23.53,23.58,23.48,64.83,65.39,64.27,25
1,2,15:44:12,23.53,23.58,23.48,64.83,65.39,64.27,25
1,2,15:44:13,23.54,23.59,23.48,64.84,65.4,64.27,25
1,2,15:44:14,23.52,23.57,23.48,64.82,65.38,64.26,25
1,2,15:44:15,23.53,23.58,23.48,64.83,65.39,64.26,25
1,2,15:44:17,23.53,23.58,23.49,64.84,65.38,64.29,25
1,2,15:44:18,23.53,23.58,23.48,64.84,65.39,64.28,25
1,2,15:44:19,23.52,23.57,23.48,64.84,65.39,64.28,25
1,2,15:44:21,23.54,23.59,23.48,64.83,65.39,64.27,25
1,2,15:44:22,23.53,23.58,23.48,64.82,65.39,64.25,25
1,2,15:44:23,23.53,23.58,23.49,64.83,65.39,64.27,25
1,2,15:44:25,23.54,23.59,23.48,64.83,65.39,64.26,25
1,2,15:44:26,23.53,23.58,23.48,64.83,65.39,64.26,25
1,2,15:44:27,23.54,23.59,23.49,64.82,65.39,64.25,25
1,2,15:44:29,23.53,23.58,23.48,64.82,65.39,64.25,25
1,2,15:44:30,23.53,23.58,23.49,64.83,65.39,64.26,25
1,2,15:44:31,23.53,23.58,23.49,64.82,65.39,64.25,25
1,2,15:44:32,23.54,23.59,23.49,64.83,65.39,64.26,25
1,2,15:44:34,23.54,23.59,23.49,64.82,65.38,64.26,25
1,2,15:44:35,23.53,23.58,23.48,64.82,65.38,64.26,25
1,2,15:44:36,23.54,23.59,23.49,64.81,65.38,64.25,25
1,2,15:44:38,23.54,23.59,23.49,64.81,65.38,64.25,25
1,2,15:44:39,23.55,23.59,23.5,64.81,65.39,64.24,25
1,2,15:44:40,23.54,23.59,23.49,64.81,65.38,64.24,25
1,2,15:44:42,23.54,23.59,23.49,64.81,65.38,64.23,25
1,2,15:44:43,23.53,23.58,23.49,64.81,65.39,64.22,25
1,2,15:44:44,23.54,23.59,23.49,64.8,65.38,64.22,25
1,2,15:44:45,23.54,23.59,23.49,64.8,65.38,64.22,25
1,2,15:44:47,23.54,23.59,23.49,64.8,65.38,64.22,25
1,2,15:44:48,23.53,23.58,23.49,64.8,65.36,64.23,25
1,2,15:44:49,23.54,23.59,23.49,64.81,65.39,64.22,25
1,2,15:44:51,23.54,23.59,23.49,64.8,65.37,64.22,25
1,2,15:44:52,23.55,23.59,23.5,64.78,65.35,64.22,25
1,2,15:44:53,23.55,23.59,23.5,64.78,65.35,64.21,25
1,2,15:44:55,23.54,23.59,23.49,64.79,65.36,64.22,25
1,2,15:44:56,23.55,23.59,23.5,64.79,65.36,64.22,25
1,2,15:44:57,23.55,23.59,23.5,64.79,65.36,64.22,25
1,2,15:44:59,23.55,23.6,23.49,64.79,65.37,64.21,25
1,2,15:45:00,23.55,23.6,23.5,64.78,65.36,64.21,25
1,2,15:45:01,23.54,23.59,23.49,64.78,65.36,64.21,25
1,2,15:45:02,23.55,23.59,23.5,64.78,65.36,64.19,25
1,2,15:45:04,23.55,23.6,23.5,64.78,65.35,64.21,25
1,2,15:45:05,23.55,23.59,23.5,64.78,65.35,64.21,25
1,2,15:45:06,23.55,23.59,23.5,64.78,65.35,64.2,25
1,2,15:45:08,23.55,23.59,23.51,64.78,65.35,64.21,25
1,2,15:45:09,23.55,23.59,23.5,64.78,65.35,64.21,25
1,2,15:45:10,23.55,23.59,23.5,64.78,65.36,64.2,25
1,2,15:45:12,23.55,23.6,23.51,64.78,65.36,64.21,25
1,2,15:45:13,23.55,23.6,23.5,64.78,65.35,64.2,25
1,2,15:45:14,23.55,23.6,23.5,64.78,65.35,64.2,25
1,2,15:45:15,23.55,23.6,23.5,64.77,65.35,64.19,25
1,2,15:45:17,23.55,23.6,23.49,64.78,65.36,64.2,25
1,2,15:45:18,23.55,23.6,23.49,64.78,65.36,64.19,25
1,2,15:45:19,23.55,23.6,23.5,64.77,65.35,64.19,25
1,2,15:45:21,23.55,23.6,23.51,64.76,65.34,64.18,25
1,2,15:45:22,23.55,23.6,23.5,64.77,65.35,64.19,25
1,2,15:45:23,23.55,23.61,23.5,64.78,65.35,64.21,25
1,2,15:45:25,23.55,23.6,23.49,64.77,65.35,64.19,25
1,2,15:45:26,23.55,23.6,23.51,64.78,65.34,64.21,25
1,2,15:45:27,23.55,23.6,23.5,64.76,65.34,64.18,25
1,2,15:45:29,23.55,23.6,23.5,64.78,65.34,64.21,25
1,2,15:45:30,23.55,23.6,23.5,64.77,65.34,64.19,25
1,2,15:45:31,23.55,23.6,23.5,64.77,65.34,64.19,25
1,2,15:45:32,23.55,23.6,23.5,64.76,65.33,64.19,25
1,2,15:45:34,23.55,23.6,23.51,64.77,65.34,64.2,25
1,2,15:45:35,23.55,23.6,23.5,64.75,65.34,64.17,25
1,2,15:45:36,23.56,23.61,23.51,64.76,65.33,64.19,25
1,2,15:45:38,23.55,23.6,23.5,64.76,65.33,64.19,25
1,2,15:45:39,23.55,23.6,23.5,64.77,65.34,64.19,25
1,2,15:45:40,23.55,23.61,23.5,64.75,65.31,64.18,25
1,2,15:45:42,23.55,23.6,23.51,64.75,65.33,64.17,25
1,2,15:45:43,23.56,23.61,23.51,64.75,65.33,64.18,25
1,2,15:45:44,23.55,23.6,23.51,64.75,65.32,64.18,25
1,2,15:45:45,23.55,23.61,23.5,64.75,65.32,64.17,25
1,2,15:45:47,23.56,23.61,23.51,64.74,65.32,64.16,25
1,2,15:45:48,23.56,23.61,23.51,64.75,65.33,64.17,25
1,2,15:45:49,23.56,23.61,23.51,64.74,65.31,64.17,25
1,2,15:45:51,23.56,23.61,23.51,64.74,65.31,64.17,25
1,2,15:45:52,23.56,23.61,23.51,64.74,65.31,64.17,25
1,2,15:45:53,23.56,23.61,23.51,64.73,65.31,64.16,25
1,2,15:45:55,23.57,23.62,23.51,64.74,65.31,64.17,25
1,2,15:45:56,23.56,23.61,23.51,64.73,65.3,64.16,25
1,2,15:45:57,23.56,23.61,23.51,64.73,65.31,64.15,25
1,2,15:45:59,23.55,23.6,23.51,64.73,65.3,64.16,25
1,2,15:46:00,23.56,23.61,23.51,64.73,65.31,64.15,25
1,2,15:46:01,23.56,23.61,23.51,64.72,65.3,64.15,25
1,2,15:46:02,23.56,23.61,23.51,64.72,65.31,64.14,25
1,2,15:46:04,23.56,23.61,23.51,64.73,65.31,64.15,25
1,2,15:46:05,23.56,23.61,23.52,64.72,65.3,64.15,25
1,2,15:46:06,23.56,23.61,23.52,64.72,65.3,64.15,25
1,2,15:46:08,23.55,23.6,23.51,64.72,65.31,64.14,25
1,2,15:46:09,23.56,23.61,23.52,64.72,65.3,64.15,25
1,2,15:46:10,23.57,23.62,23.51,64.73,65.31,64.15,25
1,2,15:46:12,23.56,23.61,23.52,64.72,65.3,64.15,25
1,2,15:46:13,23.56,23.61,23.51,64.72,65.3,64.15,25
1,2,15:46:14,23.56,23.61,23.52,64.72,65.29,64.15,25
1,2,15:46:15,23.57,23.62,23.51,64.72,65.3,64.14,25
1,2,15:46:17,23.56,23.61,23.51,64.72,65.29,64.15,25
1,2,15:46:18,23.57,23.62,23.51,64.72,65.29,64.14,25
1,2,15:46:19,23.56,23.61,23.51,64.72,65.3,64.15,25
1,2,15:46:21,23.57,23.62,23.51,64.71,65.28,64.14,25
1,2,15:46:22,23.57,23.62,23.52,64.72,65.29,64.14,25
1,2,15:46:23,23.57,23.62,23.52,64.71,65.3,64.12,25
1,2,15:46:25,23.57,23.62,23.52,64.71,65.28,64.14,25
1,2,15:46:26,23.57,23.62,23.51,64.71,65.29,64.13,25
1,2,15:46:27,23.57,23.62,23.51,64.72,65.3,64.13,25
1,2,15:46:29,23.57,23.63,23.51,64.7,65.27,64.14,25
1,2,15:46:30,23.57,23.62,23.51,64.71,65.29,64.13,25
1,2,15:46:31,23.57,23.62,23.52,64.71,65.29,64.13,25
1,2,15:46:32,23.57,23.62,23.52,64.7,65.28,64.13,25
1,2,15:46:34,23.57,23.62,23.52,64.69,65.28,64.11,25
1,2,15:46:35,23.57,23.62,23.52,64.69,65.28,64.11,25
1,2,15:46:36,23.56,23.61,23.52,64.71,65.29,64.12,25
1,2,15:46:38,23.57,23.62,23.52,64.69,65.28,64.11,25
1,2,15:46:39,23.57,23.62,23.52,64.69,65.27,64.12,25
1,2,15:46:40,23.58,23.62,23.53,64.69,65.27,64.12,25
1,2,15:46:42,23.56,23.61,23.52,64.69,65.27,64.12,25
1,2,15:46:43,23.58,23.62,23.53,64.7,65.27,64.13,25
1,2,15:46:44,23.57,23.63,23.52,64.69,65.26,64.13,25
1,2,15:46:45,23.57,23.63,23.52,64.7,65.25,64.15,25
1,2,15:46:47,23.58,23.63,23.53,64.7,65.27,64.13,25
1,2,15:46:48,23.57,23.63,23.51,64.7,65.26,64.14,25
1,2,15:46:49,23.57,23.63,23.52,64.69,65.25,64.14,25
1,2,15:46:51,23.57,23.62,23.52,64.7,65.25,64.15,25
1,2,15:46:52,23.57,23.63,23.52,64.71,65.27,64.15,25
1,2,15:46:53,23.58,23.62,23.53,64.7,65.27,64.13,25
1,2,15:46:55,23.57,23.63,23.52,64.7,65.26,64.14,25
1,2,15:46:56,23.57,23.62,23.52,64.7,65.27,64.14,25
1,2,15:46:57,23.57,23.63,23.52,64.7,65.26,64.14,25
1,2,15:46:59,23.57,23.63,23.52,64.69,65.26,64.12,25
1,2,15:47:00,23.57,23.63,23.52,64.7,65.27,64.14,25
1,2,15:47:01,23.58,23.63,23.53,64.7,65.26,64.14,25
1,2,15:47:02,23.57,23.62,23.52,64.69,65.27,64.12,25
1,2,15:47:04,23.57,23.63,23.52,64.69,65.26,64.13,25
1,2,15:47:05,23.58,23.63,23.53,64.69,65.26,64.12,25
1,2,15:47:06,23.58,23.63,23.53,64.69,65.27,64.12,25
1,2,15:47:08,23.58,23.63,23.53,64.69,65.26,64.12,25
1,2,15:47:09,23.58,23.62,23.53,64.69,65.26,64.12,25
1,2,15:47:10,23.58,23.63,23.53,64.67,65.24,64.11,25
1,2,15:47:12,23.58,23.63,23.53,64.69,65.27,64.11,25
1,2,15:47:13,23.59,23.64,23.53,64.69,65.27,64.12,25
1,2,15:47:14,23.57,23.63,23.52,64.69,65.27,64.12,25
1,2,15:47:15,23.59,23.63,23.54,64.69,65.26,64.11,25
1,2,15:47:17,23.58,23.62,23.53,64.69,65.27,64.11,25
1,2,15:47:18,23.58,23.63,23.53,64.69,65.27,64.11,25
1,2,15:47:19,23.58,23.63,23.53,64.68,65.26,64.1,25
1,2,15:47:21,23.58,23.63,23.53,64.68,65.26,64.09,25
1,2,15:47:22,23.59,23.63,23.54,64.68,65.26,64.09,25
1,2,15:47:23,23.58,23.63,23.53,64.68,65.26,64.09,25
1,2,15:47:25,23.58,23.63,23.53,64.67,65.26,64.08,25
1,2,15:47:26,23.59,23.63,23.54,64.68,65.26,64.1,25
1,2,15:47:27,23.59,23.64,23.53,64.67,65.25,64.1,25
1,2,15:47:29,23.58,23.63,23.53,64.67,65.25,64.09,25
1,2,15:47:30,23.58,23.63,23.53,64.66,65.23,64.08,25
1,2,15:47:31,23.58,23.63,23.53,64.66,65.23,64.1,25
1,2,15:47:32,23.59,23.63,23.54,64.67,65.25,64.09,25
1,2,15:47:34,23.58,23.63,23.53,64.66,65.23,64.1,25
1,2,15:47:35,23.58,23.63,23.53,64.66,65.24,64.09,25
1,2,15:47:36,23.58,23.63,23.53,64.67,65.25,64.09,25
1,2,15:47:38,23.58,23.63,23.53,64.67,65.24,64.1,25
1,2,15:47:39,23.59,23.64,23.53,64.66,65.23,64.1,25
1,2,15:47:40,23.58,23.63,23.53,64.66,65.23,64.08,25
1,2,15:47:42,23.59,23.63,23.54,64.67,65.24,64.1,25
1,2,15:47:43,23.59,23.64,23.54,64.66,65.23,64.1,25
1,2,15:47:44,23.59,23.64,23.54,64.66,65.23,64.09,25
1,2,15:47:45,23.59,23.64,23.53,64.65,65.22,64.08,25
1,2,15:47:47,23.59,23.64,23.53,64.66,65.22,64.11,25
1,2,15:47:48,23.59,23.64,23.53,64.66,65.23,64.08,25
1,2,15:47:49,23.59,23.64,23.53,64.66,65.22,64.09,25
1,2,15:47:51,23.59,23.64,23.54,64.66,65.23,64.09,25
1,2,15:47:52,23.59,23.64,23.53,64.66,65.23,64.1,25
1,2,15:47:53,23.59,23.64,23.54,64.66,65.22,64.09,25
1,2,15:47:55,23.59,23.64,23.54,64.66,65.22,64.1,25
1,2,15:47:56,23.59,23.63,23.54,64.65,65.22,64.08,25
1,2,15:47:57,23.59,23.64,23.54,64.66,65.23,64.08,25
1,2,15:47:59,23.59,23.64,23.54,64.65,65.22,64.08,25
1,2,15:48:00,23.59,23.64,23.54,64.65,65.22,64.08,25
1,2,15:48:01,23.59,23.64,23.54,64.65,65.22,64.08,25
1,2,15:48:02,23.59,23.63,23.54,64.66,65.23,64.08,25
1,2,15:48:04,23.59,23.64,23.53,64.64,65.21,64.07,25
1,2,15:48:05,23.59,23.64,23.54,64.64,65.22,64.06,25
1,2,15:48:06,23.59,23.64,23.54,64.64,65.22,64.07,25
1,2,15:48:08,23.59,23.64,23.53,64.63,65.21,64.06,25
1,2,15:48:09,23.59,23.64,23.54,64.63,65.22,64.05,25
1,2,15:48:10,23.59,23.64,23.54,64.63,65.21,64.05,25
1,2,15:48:12,23.59,23.63,23.54,64.63,65.21,64.05,25
1,2,15:48:13,23.59,23.64,23.55,64.62,65.21,64.04,25
1,2,15:48:14,23.59,23.64,23.54,64.62,65.21,64.04,25
1,2,15:48:15,23.59,23.65,23.54,64.62,65.21,64.03,25
1,2,15:48:17,23.59,23.64,23.54,64.62,65.2,64.04,25
1,2,15:48:18,23.59,23.64,23.54,64.61,65.19,64.03,25
1,2,15:48:19,23.59,23.65,23.54,64.61,65.19,64.03,25
1,2,15:48:21,23.59,23.64,23.55,64.62,65.2,64.03,25
1,2,15:48:22,23.6,23.65,23.55,64.61,65.19,64.03,25
1,2,15:48:23,23.59,23.64,23.55,64.61,65.18,64.04,25
1,2,15:48:25,23.6,23.65,23.55,64.61,65.18,64.04,25
1,2,15:48:26,23.59,23.63,23.56,64.62,65.19,64.04,25
1,2,15:48:27,23.6,23.64,23.56,64.61,65.18,64.04,25
1,2,15:48:29,23.6,23.64,23.56,64.61,65.18,64.04,25
1,2,15:48:30,23.6,23.65,23.55,64.61,65.18,64.04,25
1,2,15:48:31,23.6,23.65,23.55,64.61,65.18,64.04,25
1,2,15:48:32,23.6,23.65,23.55,64.61,65.18,64.03,25
1,2,15:48:34,23.6,23.65,23.56,64.61,65.18,64.04,25
1,2,15:48:35,23.6,23.65,23.55,64.62,65.18,64.05,25
1,2,15:48:36,23.6,23.64,23.56,64.61,65.17,64.04,25
1,2,15:48:38,23.6,23.65,23.55,64.62,65.19,64.04,25
1,2,15:48:39,23.6,23.65,23.55,64.61,65.18,64.04,25
1,2,15:48:40,23.6,23.65,23.55,64.61,65.17,64.04,25
1,2,15:48:42,23.6,23.65,23.56,64.6,65.16,64.04,25
1,2,15:48:43,23.6,23.65,23.56,64.61,65.17,64.04,25
1,2,15:48:44,23.59,23.64,23.55,64.61,65.18,64.04,25
1,2,15:48:45,23.6,23.65,23.55,64.6,65.16,64.04,25
1,2,15:48:47,23.6,23.65,23.55,64.61,65.17,64.04,25
1,2,15:48:48,23.6,23.65,23.55,64.61,65.17,64.04,25
1,2,15:48:49,23.6,23.65,23.56,64.61,65.17,64.05,25
1,2,15:48:51,23.6,23.65,23.55,64.61,65.17,64.05,25
1,2,15:48:52,23.61,23.66,23.56,64.61,65.17,64.04,25
1,2,15:48:53,23.6,23.65,23.55,64.61,65.17,64.05,25
1,2,15:48:55,23.6,23.65,23.56,64.61,65.17,64.04,25
1,2,15:48:56,23.6,23.65,23.55,64.62,65.18,64.05,25
1,2,15:48:57,23.6,23.66,23.54,64.62,65.18,64.06,25
1,2,15:48:59,23.6,23.65,23.55,64.62,65.17,64.07,25
1,2,15:49:00,23.6,23.66,23.54,64.6,65.16,64.05,25
1,2,15:49:01,23.6,23.65,23.56,64.62,65.17,64.06,25
1,2,15:49:02,23.6,23.65,23.55,64.61,65.17,64.05,25
1,2,15:49:04,23.6,23.65,23.55,64.62,65.17,64.07,25
1,2,15:49:05,23.61,23.66,23.55,64.61,65.17,64.05,25
1,2,15:49:06,23.6,23.65,23.56,64.62,65.17,64.06,25
1,2,15:49:08,23.61,23.66,23.56,64.61,65.16,64.06,25
1,2,15:49:09,23.61,23.66,23.56,64.62,65.17,64.06,25
1,2,15:49:10,23.61,23.66,23.56,64.6,65.17,64.03,25
1,2,15:49:12,23.61,23.66,23.55,64.6,65.16,64.04,25
1,2,15:49:13,23.61,23.66,23.56,64.59,65.16,64.03,25
1,2,15:49:14,23.61,23.66,23.55,64.59,65.16,64.03,25
1,2,15:49:15,23.62,23.67,23.56,64.59,65.17,64.02,25
1,2,15:49:17,23.61,23.66,23.56,64.59,65.16,64.03,25
1,2,15:49:18,23.61,23.66,23.56,64.59,65.16,64.03,25
1,2,15:49:19,23.61,23.66,23.56,64.59,65.17,64.02,25
1,2,15:49:21,23.61,23.66,23.56,64.58,65.14,64.02,25
1,2,15:49:22,23.61,23.66,23.56,64.59,65.15,64.02,25
1,2,15:49:23,23.61,23.66,23.56,64.59,65.16,64.02,25
1,2,15:49:25,23.62,23.67,23.56,64.59,65.15,64.02,25
1,2,15:49:26,23.6,23.65,23.56,64.59,65.14,64.03,25
1,2,15:49:27,23.61,23.66,23.56,64.58,65.14,64.01,25
1,2,15:49:29,23.61,23.66,23.56,64.59,65.16,64.02,25
1,2,15:49:30,23.61,23.66,23.56,64.58,65.15,64.01,25
1,2,15:49:31,23.62,23.66,23.57,64.58,65.14,64.01,25
1,2,15:49:32,23.61,23.66,23.56,64.57,65.14,64.0,25
1,2,15:49:34,23.61,23.66,23.56,64.57,65.13,64.01,25
1,2,15:49:35,23.61,23.66,23.56,64.58,65.14,64.01,25
1,2,15:49:36,23.61,23.66,23.56,64.56,65.13,64.0,25
1,2,15:49:38,23.61,23.66,23.56,64.57,65.13,64.01,25
1,2,15:49:39,23.62,23.67,23.56,64.56,65.13,64.0,25
1,2,15:49:40,23.61,23.66,23.56,64.57,65.13,64.01,25
1,2,15:49:42,23.61,23.66,23.56,64.57,65.13,64.01,25
1,2,15:49:43,23.62,23.66,23.57,64.56,65.12,63.99,25
1,2,15:49:44,23.62,23.67,23.56,64.57,65.13,64.01,25
1,2,15:49:45,23.62,23.67,23.56,64.56,65.13,64.0,25
1,2,15:49:47,23.62,23.67,23.57,64.56,65.14,63.98,25
1,2,15:49:48,23.62,23.67,23.56,64.55,65.12,63.98,25
1,2,15:49:49,23.62,23.66,23.57,64.55,65.13,63.98,25
1,2,15:49:51,24.53,24.58,24.49,62.08,62.64,61.52,25
1,2,15:49:52,24.54,24.59,24.49,62.08,62.66,61.51,25
1,2,15:49:53,24.55,24.6,24.51,62.09,62.64,61.54,25
1,2,15:49:55,24.56,24.61,24.51,62.09,62.66,61.52,25
1,2,15:49:56,24.57,24.62,24.52,62.09,62.65,61.52,25
1,2,15:49:57,24.58,24.62,24.53,62.09,62.66,61.52,25
1,2,15:49:59,24.58,24.63,24.53,62.09,62.66,61.52,25
1,2,15:50:00,24.59,24.63,24.54,62.09,62.66,61.52,25
1,2,15:50:01,24.59,24.64,24.54,62.08,62.65,61.51,25
1,2,15:50:02,24.59,24.64,24.54,62.09,62.65,61.52,25
1,2,15:50:04,24.59,24.64,24.55,62.08,62.66,61.5,25
1,2,15:50:05,24.6,24.65,24.55,62.08,62.66,61.5,25
1,2,15:50:06,24.6,24.65,24.55,62.08,62.65,61.5,25
1,2,15:50:08,24.6,24.65,24.56,62.08,62.65,61.5,25
1,2,15:50:09,24.6,24.65,24.55,62.06,62.64,61.49,25
1,2,15:50:10,24.6,24.65,24.56,62.07,62.65,61.49,25
1,2,15:50:12,24.6,24.65,24.56,62.06,62.64,61.49,25
1,2,15:50:13,24.6,24.65,24.56,62.06,62.63,61.49,25
1,2,15:50:14,24.61,24.66,24.56,62.06,62.64,61.48,25
1,2,15:50:15,24.61,24.66,24.56,62.06,62.64,61.48,25
1,2,15:50:17,24.6,24.65,24.56,62.05,62.63,61.48,25
1,2,15:50:18,24.6,24.65,24.56,62.05,62.64,61.46,25
1,2,15:50:19,24.6,24.65,24.56,62.05,62.64,61.46,25
1,2,15:50:21,24.6,24.65,24.56,62.04,62.62,61.46,25
1,2,15:50:22,24.62,24.66,24.57,62.04,62.61,61.47,25
1,2,15:50:23,24.62,24.66,24.57,62.04,62.62,61.46,25
1,2,15:50:25,24.62,24.66,24.57,62.03,62.61,61.46,25
1,2,15:50:26,24.62,24.67,24.57,62.03,62.6,61.47,25
1,2,15:50:27,24.62,24.67,24.57,62.03,62.59,61.47,25
1,2,15:50:29,24.62,24.67,24.57,62.03,62.6,61.46,25
1,2,15:50:30,24.62,24.67,24.57,62.03,62.6,61.46,25
1,2,15:50:31,24.62,24.67,24.57,62.03,62.59,61.48,25
1,2,15:50:32,24.62,24.66,24.57,62.05,62.6,61.49,25
1,2,15:50:34,24.62,24.67,24.57,62.03,62.59,61.48,25
1,2,15:50:35,24.62,24.67,24.57,62.04,62.6,61.48,25
1,2,15:50:36,24.62,24.67,24.57,62.02,62.57,61.47,25
1,2,15:50:38,24.62,24.67,24.57,62.03,62.59,61.47,25
1,2,15:50:39,24.62,24.67,24.57,62.02,62.58,61.47,25
1,2,15:50:40,24.62,24.67,24.57,62.04,62.6,61.48,25
1,2,15:50:42,24.62,24.67,24.58,62.03,62.59,61.47,25
1,2,15:50:43,24.62,24.67,24.57,62.03,62.59,61.46,25
1,2,15:50:44,24.62,24.67,24.58,62.03,62.59,61.46,25
1,2,15:50:45,24.62,24.67,24.58,62.03,62.59,61.46,25
1,2,15:50:47,24.62,24.68,24.57,62.02,62.59,61.45,25
1,2,15:50:48,24.62,24.67,24.57,62.02,62.59,61.45,25
1,2,15:50:49,24.62,24.67,24.57,62.01,62.58,61.44,25
1,2,15:50:51,24.62,24.67,24.57,62.02,62.59,61.45,25
1,2,15:50:52,24.62,24.67,24.57,62.01,62.58,61.44,25
1,2,15:50:53,24.63,24.68,24.58,62.02,62.59,61.44,25
1,2,15:50:55,24.63,24.68,24.58,62.01,62.59,61.43,25
1,2,15:50:56,24.62,24.67,24.58,62.0,62.58,61.43,25
1,2,15:50:57,24.62,24.67,24.58,62.03,62.6,61.45,25
1,2,15:50:59,24.63,24.68,24.58,62.01,62.59,61.43,25
1,2,15:51:00,24.62,24.67,24.58,62.02,62.6,61.44,25
1,2,15:51:01,24.62,24.67,24.57,62.01,62.58,61.44,25
1,2,15:51:02,24.62,24.67,24.58,62.0,62.57,61.43,25
1,2,15:51:04,24.62,24.67,24.58,62.0,62.58,61.43,25
1,2,15:51:05,24.62,24.67,24.58,61.99,62.58,61.41,25
1,2,15:51:06,24.63,24.68,24.58,61.99,62.58,61.41,25
1,2,15:51:08,24.63,24.68,24.58,62.01,62.59,61.42,25
1,2,15:51:09,24.63,24.68,24.58,62.0,62.58,61.42,25
1,2,15:51:10,24.63,24.68,24.58,61.98,62.55,61.41,25
1,2,15:51:12,24.63,24.68,24.58,61.98,62.57,61.4,25
1,2,15:51:13,24.63,24.68,24.58,61.98,62.57,61.39,25
1,2,15:51:14,24.63,24.68,24.58,61.98,62.56,61.4,25
1,2,15:51:15,24.63,24.68,24.58,61.98,62.56,61.4,25
1,2,15:51:17,24.62,24.67,24.58,61.97,62.55,61.4,25
1,2,15:51:18,24.63,24.68,24.59,61.97,62.54,61.41,25
1,2,15:51:19,24.63,24.68,24.58,61.97,62.53,61.4,25
1,2,15:51:21,24.63,24.68,24.59,61.97,62.54,61.4,25
1,2,15:51:22,24.63,24.68,24.58,61.98,62.53,61.42,25
1,2,15:51:23,24.63,24.68,24.58,61.97,62.54,61.4,25
1,2,15:51:25,24.63,24.68,24.58,61.97,62.53,61.4,25
1,2,15:51:26,24.63,24.68,24.59,61.98,62.54,61.42,25
1,2,15:51:27,24.63,24.68,24.59,61.98,62.53,61.42,25
1,2,15:51:29,24.63,24.68,24.59,61.98,62.53,61.43,25
1,2,15:51:30,24.63,24.68,24.59,61.97,62.52,61.41,25
1,2,15:51:31,24.63,24.68,24.58,61.98,62.53,61.42,25
1,2,15:51:32,24.63,24.68,24.58,61.97,62.52,61.42,25
1,2,15:51:34,24.63,24.69,24.58,61.98,62.53,61.43,25
1,2,15:51:35,24.63,24.68,24.59,61.97,62.53,61.41,25
1,2,15:51:36,24.63,24.69,24.58,61.97,62.53,61.41,25
1,2,15:51:38,24.63,24.68,24.58,61.97,62.54,61.4,25
1,2,15:51:39,24.64,24.69,24.59,61.97,62.53,61.41,25
1,2,15:51:40,24.63,24.68,24.59,61.97,62.54,61.4,25
1,2,15:51:42,24.63,24.69,24.58,61.97,62.55,61.4,25
1,2,15:51:43,24.63,24.68,24.58,61.97,62.55,61.4,25
1,2,15:51:44,24.63,24.69,24.58,61.98,62.56,61.4,25
1,2,15:51:45,24.64,24.69,24.59,61.97,62.55,61.38,25
1,2,15:51:47,24.64,24.69,24.59,61.97,62.54,61.4,25
1,2,15:51:48,24.63,24.69,24.58,61.97,62.53,61.4,25
1,2,15:51:49,24.64,24.69,24.59,61.97,62.55,61.39,25
1,2,15:51:51,24.64,24.69,24.59,61.95,62.52,61.39,25
1,2,15:51:52,24.63,24.68,24.58,61.97,62.54,61.39,25
1,2,15:51:53,24.63,24.69,24.58,61.97,62.55,61.39,25
1,2,15:51:55,24.64,24.69,24.59,61.96,62.53,61.39,25
1,2,15:51:56,24.64,24.69,24.59,61.97,62.55,61.39,25
1,2,15:51:57,24.64,24.69,24.59,61.95,62.52,61.38,25
1,2,15:51:59,24.64,24.69,24.59,61.97,62.53,61.4,25
1,2,15:52:00,24.64,24.69,24.59,61.95,62.52,61.39,25
1,2,15:52:01,24.63,24.68,24.59,61.96,62.53,61.39,25
1,2,15:52:02,24.63,24.68,24.59,61.97,62.53,61.4,25
1,2,15:52:04,24.63,24.68,24.59,61.97,62.53,61.4,25
1,2,15:52:05,24.64,24.69,24.59,61.97,62.53,61.4,25
1,2,15:52:06,24.64,24.69,24.59,61.97,62.53,61.4,25
1,2,15:52:08,24.64,24.69,24.59,61.95,62.52,61.39,25
1,2,15:52:09,24.64,24.69,24.59,61.95,62.52,61.39,25
1,2,15:52:10,24.65,24.69,24.6,61.97,62.52,61.41,25
1,2,15:52:12,24.64,24.69,24.59,61.95,62.52,61.39,25
1,2,15:52:13,24.65,24.69,24.6,61.96,62.52,61.4,25
1,2,15:52:14,24.65,24.69,24.6,61.96,62.52,61.4,25
1,2,15:52:15,24.64,24.69,24.59,61.95,62.51,61.39,25
1,2,15:52:17,24.65,24.69,24.6,61.95,62.52,61.39,25
1,2,15:52:18,24.64,24.69,24.59,61.95,62.51,61.39,25
1,2,15:52:19,24.64,24.69,24.59,61.96,62.52,61.4,25
1,2,15:52:21,24.64,24.69,24.59,61.96,62.52,61.4,25
1,2,15:52:22,24.65,24.7,24.6,61.95,62.51,61.39,25
1,2,15:52:23,24.64,24.69,24.59,61.95,62.5,61.39,25
1,2,15:52:25,24.65,24.69,24.6,61.95,62.51,61.4,25
1,2,15:52:26,24.65,24.69,24.6,61.95,62.5,61.39,25
1,2,15:52:27,24.64,24.69,24.59,61.95,62.5,61.39,25
1,2,15:52:29,24.65,24.7,24.6,61.95,62.52,61.38,25
1,2,15:52:30,24.65,24.69,24.6,61.94,62.5,61.38,25
1,2,15:52:31,24.64,24.7,24.59,61.94,62.49,61.38,25
1,2,15:52:32,24.64,24.69,24.59,61.95,62.51,61.38,25
1,2,15:52:34,24.64,24.69,24.59,61.94,62.52,61.36,25
1,2,15:52:35,24.65,24.7,24.6,61.94,62.51,61.36,25
1,2,15:52:36,24.64,24.7,24.59,61.95,62.51,61.38,25
1,2,15:52:38,24.65,24.7,24.6,61.93,62.5,61.36,25
1,2,15:52:39,24.65,24.7,24.6,61.92,62.49,61.36,25
1,2,15:52:40,24.64,24.7,24.59,61.92,62.49,61.36,25
1,2,15:52:42,24.65,24.7,24.6,61.94,62.5,61.37,25
1,2,15:52:43,24.65,24.7,24.6,61.94,62.49,61.38,25
1,2,15:52:44,24.65,24.7,24.6,61.93,62.49,61.37,25
1,2,15:52:45,24.65,24.7,24.6,61.92,62.49,61.36,25
1,2,15:52:47,24.65,24.7,24.6,61.92,62.49,61.36,25
1,2,15:52:48,24.66,24.7,24.61,61.92,62.49,61.36,25
1,2,15:52:49,24.65,24.71,24.59,61.92,62.49,61.35,25
1,2,15:52:51,24.65,24.7,24.6,61.91,62.48,61.35,25
1,2,15:52:52,24.65,24.7,24.6,61.91,62.47,61.35,25
1,2,15:52:53,24.65,24.7,24.6,61.92,62.49,61.35,25
1,2,15:52:55,24.65,24.7,24.6,61.92,62.49,61.35,25
1,2,15:52:56,24.65,24.7,24.6,61.92,62.49,61.36,25
1,2,15:52:57,24.65,24.69,24.6,61.92,62.49,61.35,25
1,2,15:52:59,24.65,24.7,24.6,61.91,62.48,61.35,25
1,2,15:53:00,24.65,24.7,24.6,61.92,62.49,61.35,25
1,2,15:53:01,24.66,24.7,24.61,61.91,62.48,61.35,25
1,2,15:53:02,24.65,24.7,24.6,61.91,62.49,61.33,25
1,2,15:53:04,24.66,24.71,24.6,61.92,62.49,61.34,25
1,2,15:53:05,24.65,24.7,24.6,61.92,62.49,61.34,25
1,2,15:53:06,24.65,24.7,24.6,61.91,62.49,61.33,25
1,2,15:53:08,24.65,24.7,24.6,61.92,62.49,61.34,25
1,2,15:53:09,24.66,24.71,24.6,61.91,62.48,61.33,25
1,2,15:53:10,24.65,24.7,24.6,61.91,62.49,61.32,25
1,2,15:53:12,24.66,24.71,24.61,61.89,62.47,61.32,25
1,2,15:53:13,24.65,24.7,24.6,61.89,62.47,61.32,25
1,2,15:53:14,24.66,24.71,24.61,61.91,62.48,61.33,25
1,2,15:53:15,24.66,24.71,24.6,61.9,62.47,61.33,25
1,2,15:53:17,24.66,24.71,24.6,61.91,62.48,61.33,25
1,2,15:53:18,24.66,24.7,24.61,61.89,62.45,61.33,25
1,2,15:53:19,24.66,24.71,24.6,61.91,62.46,61.35,25
1,2,15:53:21,24.66,24.7,24.61,61.91,62.46,61.35,25
1,2,15:53:22,24.66,24.7,24.61,61.89,62.45,61.33,25
1,2,15:53:23,24.66,24.71,24.61,61.9,62.45,61.35,25
1,2,15:53:25,24.65,24.7,24.6,61.9,62.45,61.35,25
1,2,15:53:26,24.66,24.71,24.6,61.89,62.44,61.35,25
1,2,15:53:27,24.66,24.7,24.61,61.89,62.44,61.35,25
1,2,15:53:28,24.66,24.71,24.6,61.89,62.44,61.35,25
1,2,15:53:30,24.66,24.71,24.61,61.89,62.44,61.35,25
1,2,15:53:31,24.66,24.7,24.61,61.88,62.44,61.32,25
1,2,15:53:32,24.66,24.71,24.61,61.89,62.43,61.34,25
1,2,15:53:34,24.66,24.7,24.61,61.88,62.44,61.33,25
1,2,15:53:35,24.66,24.71,24.61,61.89,62.44,61.35,25
1,2,15:53:36,24.66,24.71,24.61,61.88,62.44,61.33,25
1,2,15:53:38,24.66,24.71,24.61,61.89,62.43,61.36,25
1,2,15:53:39,24.66,24.71,24.62,61.89,62.43,61.34,25
1,2,15:53:40,24.66,24.71,24.62,61.88,62.44,61.33,25
1,2,15:53:42,24.66,24.71,24.62,61.89,62.44,61.35,25
1,2,15:53:43,24.66,24.71,24.61,61.9,62.44,61.36,25
1,2,15:53:44,24.66,24.71,24.61,61.88,62.41,61.35,25
1,2,15:53:45,24.66,24.71,24.6,61.89,62.42,61.36,25
1,2,15:53:47,24.66,24.71,24.61,61.89,62.44,61.35,25
1,2,15:53:48,24.66,24.71,24.61,61.89,62.44,61.35,25
1,2,15:53:49,24.66,24.72,24.61,61.9,62.44,61.36,25
1,2,15:53:51,24.66,24.72,24.61,61.89,62.44,61.35,25
1,2,15:53:52,24.66,24.71,24.62,61.88,62.44,61.33,25
1,2,15:53:53,24.66,24.71,24.62,61.89,62.44,61.34,25
1,2,15:53:55,24.66,24.71,24.61,61.89,62.45,61.33,25
1,2,15:53:56,24.66,24.7,24.61,61.89,62.45,61.32,25
1,2,15:53:57,24.66,24.71,24.62,61.88,62.44,61.33,25
1,2,15:53:58,24.66,24.71,24.62,61.89,62.45,61.32,25
1,2,15:54:00,24.66,24.71,24.62,61.88,62.45,61.31,25
1,2,15:54:01,24.66,24.71,24.62,61.88,62.45,61.31,25
1,2,15:54:02,24.66,24.71,24.62,61.88,62.45,61.31,25
1,2,15:54:04,24.66,24.71,24.62,61.89,62.45,61.32,25
1,2,15:54:05,24.66,24.71,24.61,61.88,62.45,61.31,25
1,2,15:54:06,24.66,24.71,24.62,61.88,62.45,61.31,25
1,2,15:54:08,24.66,24.71,24.62,61.88,62.45,61.31,25
1,2,15:54:09,24.66,24.71,24.62,61.89,62.45,61.32,25
1,2,15:54:10,24.66,24.71,24.62,61.89,62.45,61.32,25
1,2,15:54:12,24.66,24.71,24.62,61.88,62.45,61.31,25
1,2,15:54:13,24.67,24.72,24.62,61.88,62.43,61.33,25
1,2,15:54:14,24.67,24.72,24.62,61.88,62.45,61.31,25
1,2,15:54:15,24.66,24.72,24.61,61.88,62.44,61.32,25
1,2,15:54:17,24.67,24.72,24.62,61.88,62.44,61.33,25
1,2,15:54:18,24.66,24.71,24.62,61.89,62.45,61.33,25
1,2,15:54:19,24.67,24.72,24.63,61.88,62.44,61.31,25
1,2,15:54:21,24.67,24.72,24.62,61.88,62.44,61.32,25
1,2,15:54:22,24.67,24.72,24.62,61.88,62.44,61.32,25
1,2,15:54:23,24.66,24.71,24.62,61.88,62.44,61.31,25
